treeID,X_segmented,Y_segmented,Z_segmented,Point_count,H_segmented_m,Wood_points,Foliage_points,Wood_fraction,Valid_QSM_points,Eligible_for_QSM,X_root,Y_root,Z_root,DBH_cm,H_m,BA_m2,Total_wood_length_m,Volume_total_m3,Volume_Arbor_m3,Stem_length_m,Stem_volume_m3,Branch_count,Branch_length_total_m,Branch_volume_total_m3,B1_primary_count,B1_primary_length_m,B1_primary_volume_m3,B2_secondary_count,B2_secondary_length_m,B2_secondary_volume_m3,B3_tertiary_plus_count,B3_tertiary_plus_length_m,B3_tertiary_plus_volume_m3,Max_branch_order,Stem_volume_pct,Branch_volume_pct,B1_volume_pct,B2_volume_pct,B3_volume_pct,QSM_note,R,G,B,QSM_status,X_tree,Y_tree,Z_tree
1,20.76,20.39,9.89,39475,20.2136585365854,24592,14883,0.622976567447752,39475,TRUE,20.2518181818182,20.3745454545455,10.1842433234421,13.2467785049155,19.206,0.0137819424069799,165.818842995621,0.135487725403153,0.135,20.5439313444713,0.125387621437849,246,145.27491165115,0.0101001039653047,59,66.8682009198796,0.00793535643610232,123,59.0832368893658,0.00177877353871717,64,19.3234738419049,0.000385973990485253,6,92.5453734386262,7.45462656137385,5.85688217326706,1.31286692829502,0.284877459811773,"",121,37,253,OK,20.2518181818182,20.3745454545455,10.1842433234421
2,20.22,14.55,10.02,26388,20.3224050632911,18542,7846,0.702667879339094,26388,TRUE,19.4546385542169,14.6634337349398,10.601877394636,12.1554749516386,19.118,0.0116046954330693,188.53280948482,0.115359640670208,0.115,20.4379629605146,0.103349581370593,260,168.094846524305,0.0120100592996145,35,51.4058840257761,0.00825500330451165,116,73.8314294482093,0.00288086411235241,109,42.85753305032,0.000874191882750487,6,89.5890285113239,10.4109714886761,7.15588507085524,2.49728942948797,0.757796988332897,"",32,215,50,OK,19.4546385542169,14.6634337349398,10.601877394636
3,15.72,13.36,11.48,98719,21.9707826086957,71003,27716,0.719243509354836,98719,TRUE,15.593064516129,13.3520967741935,11.8004494382022,27.3913769681966,21.68,0.0589274449820761,320.052011523394,0.706675580338652,0.707,22.8187470794339,0.641580890308365,515,297.23326444396,0.0650946900302869,81,105.235390137648,0.0509779671304774,212,116.211782932376,0.011098488640277,222,75.7860913739358,0.0030182342595325,6,90.7886034495359,9.21139655046411,7.21377228091677,1.57052103526181,0.427103234285542,"",242,35,75,OK,15.593064516129,13.3520967741935,11.8004494382022
4,14.9,17.6,13.81,49126,22.3466197183099,30114,19012,0.612995155314905,49126,TRUE,14,17.695,14.1189028213166,17.2125531152613,20.601,0.0232691472685382,234.681527845904,0.278673629556633,0.279,22.3270289256545,0.250583442120161,326,212.354498920249,0.0280901874364721,49,58.4358832336406,0.0204999853080252,92,56.6102135416968,0.00447502514589118,185,97.3084021449116,0.00311517698255565,8,89.9200410598006,10.0799589401994,7.35627025084523,1.60583014367413,1.11785854568007,"",19,119,226,OK,14,17.695,14.1189028213166
5,13.41,19.96,15.17,29938,12.0305405405405,16201,13737,0.541151713541319,29938,TRUE,12.44,19.92,15.3,13.3493994856304,10.86,0.0139963031594354,69.0532831403601,0.0843181228810816,0.084,11.4044264598208,0.077642609706284,119,57.6488566805394,0.00667551317479757,33,22.6311928367327,0.00512376634434314,55,24.8235374763197,0.00131464975458529,31,10.1941263674869,0.000237097075869132,6,92.0829438005725,7.9170561994275,6.07670826776998,1.55915443758089,0.281193494076621,"",199,246,34,OK,12.44,19.92,15.3
6,7.71,15.4,16.13,22764,22.7022077922078,17473,5291,0.767571604287471,22764,TRUE,7.13772727272727,15.7163636363636,16.4391304347826,15.9322485889383,21.111,0.0199362756324479,157.373269726913,0.229000819681454,0.229,22.0100426637041,0.213770501575473,169,135.363227063209,0.0152303181059808,25,52.1966160101123,0.0123486525035159,78,49.4357433908448,0.00209977832322027,66,33.7308676622514,0.000781887279244631,6,93.3492298729906,6.65077012700939,5.3924053724756,0.916930483541987,0.341434270991806,"",237,74,249,OK,7.13772727272727,15.7163636363636,16.4391304347826
7,25.66,19.58,6.86,94128,22.0222972972973,43400,50728,0.461074281828999,94128,TRUE,25.6407142857143,19.9207142857143,7.19956692913386,28.1580429913072,20.78,0.0622722871260824,426.967029977781,0.768773623453939,0.769,22.1547703127189,0.614602626079827,733,404.812259665062,0.154170997374112,92,128.110892392375,0.132018562211324,321,166.90032558609,0.0182362227966375,320,109.801041686597,0.00391621236615052,6,79.9458523718005,20.0541476281995,17.17261859456,2.37211868881583,0.50941034482372,"",61,254,185,OK,25.6407142857143,19.9207142857143,7.19956692913386
8,25.37,14.47,7.6,30304,23.0709570957096,18580,11724,0.613120380147835,30304,TRUE,24.53,14.559,7.8976,15.0294208113792,18.812,0.0177408478129307,290.900160912246,0.195739143879804,0.196,20.9140019253677,0.156461894925806,415,269.986158986878,0.0392772489539979,54,57.8590496266336,0.0268351440987348,104,79.5533320471552,0.00816679211090027,257,132.57377731309,0.00427531274436285,7,79.9338812996359,20.0661187003641,13.7096461989296,4.17228355505386,2.18418894638068,"",251,109,33,OK,24.53,14.559,7.8976
9,23.42,23.4,8.33,53534,19.7909090909091,32615,20919,0.609238988306497,53534,TRUE,22.205,23.775,8.64796296296296,14.0336374375483,18.312,0.0154678654572829,416.096387979247,0.193532646929894,0.194,19.2804438257665,0.126310906997078,572,396.81594415348,0.0672217399328159,49,100.619497047061,0.0531060084731942,171,142.227962408854,0.00991254420627758,352,153.968484697565,0.0042031872533441,8,65.2659429821333,34.7340570178667,27.440335941063,5.12189770745416,2.1718233693495,"",47,37,217,OK,22.205,23.775,8.64796296296296
10,22.29,12.75,8.83,21682,18.4215540540541,15583,6099,0.718706761368877,21682,TRUE,21.82,13.1457142857143,9.09898550724638,13.0982508571634,16.841,0.0134746188355991,137.915696919733,0.134316196420964,0.134,17.4639882358357,0.122993464738618,189,120.451708683897,0.0113227316823463,41,50.174399302259,0.00919151221019766,86,51.8033566521441,0.00173058848081607,62,18.473952729494,0.000400630991332546,6,91.5700920782037,8.42990792179627,6.84318976796388,1.2884436329571,0.298274520875292,"",72,215,27,OK,21.82,13.1457142857143,9.09898550724638
11,23.12,18.4,8.79,23944,19.9359259259259,14556,9388,0.607918476445038,23944,TRUE,22.566875,18.516875,9.08919540229885,15.5928976782444,18.281,0.0190960498367785,230.978191201042,0.19462648579835,0.195,18.2843544191731,0.162030168215639,295,212.693836781869,0.0325963175827104,30,39.2622620009823,0.0218187177304172,64,63.2972763798865,0.00673247498686402,201,110.134298401,0.00404512486542915,7,83.2518593504879,16.7481406495122,11.2105593649897,3.45917718199951,2.07840410252295,"",244,40,148,OK,22.566875,18.516875,9.08919540229885
12,22.03,14.08,9.14,16383,18.1313793103448,12447,3936,0.759750961362388,16383,TRUE,21.44,14.35,9.48557971014493,9.2130571478893,16.754,0.00666649275552696,114.296198106482,0.0793776995421325,0.079,16.4754822418904,0.0690007551011092,144,97.8207158645912,0.0103769444410233,21,29.3303225176218,0.00796621618821304,47,33.8350901292418,0.00159672025230281,76,34.6553032177276,0.000814008000507424,6,86.9271287768735,13.0728712231265,10.0358365563173,2.01154765319861,1.02548701361062,"",49,183,212,OK,21.44,14.35,9.48557971014493
13,17.94,10.18,9.66,73542,18.4744131455399,50547,22995,0.687321530553969,73542,TRUE,17.9916666666667,10.5333333333333,9.96966057441253,32.0016426020157,17.09,0.0804330287620906,197.840151206624,0.65649753860947,0.656,18.1323301097622,0.600641163323713,338,179.707821096862,0.055856375285757,63,64.2184915334607,0.0462642792899585,130,71.5864141214758,0.00831160372752882,145,43.9029154419258,0.00128049226826967,6,91.4917616592948,8.50823834070521,7.04713674752703,1.26605253465743,0.195049058520751,"",247,221,17,OK,17.9916666666667,10.5333333333333,9.96966057441253
14,19.81,19.57,10.49,72055,17.6121893491124,37594,34461,0.521740337242384,72055,TRUE,19.645,19.6873333333333,10.7818784530387,29.3462015421226,17.058,0.0676384540923136,249.059729658649,0.689474427864804,0.689,17.7265783524121,0.602865612168881,424,231.333151306237,0.0866088156959224,79,80.6679528491455,0.0706276015536103,188,101.6065796001,0.0135690157869966,157,49.0586188569911,0.00241219835531549,8,87.4384295927934,12.5615704072066,10.2436868865946,1.96802306780511,0.349860452806886,"",175,58,254,OK,19.645,19.6873333333333,10.7818784530387
15,18.72,13.48,10.89,25073,16.1309554140127,15934,9139,0.635504327364097,25073,TRUE,18.1907692307692,15.1396153846154,11.2767579908676,6.6523097273092,14.003,0.00347564014101191,137.260246122532,0.0400967919780407,0.04,16.0853382832069,0.0339149715274154,214,121.174907839325,0.00618182045062526,42,34.2753274604895,0.00374436828293814,75,44.3530779916956,0.00153623908178116,97,42.5465023871395,0.000901213085905965,7,84.5827555131822,15.4172444868178,9.33832383645248,3.83132666229879,2.24759398806648,"",21,229,84,OK,18.1907692307692,15.1396153846154,11.2767579908676
16,19.67,20.78,11.02,23949,15.3180689655172,16879,7070,0.704789344022715,23949,TRUE,18.875,20.235,11.2514007782101,9.86089235372752,12.859,0.00763699167323832,68.904342007227,0.0681036017723261,0.068,13.9222155273384,0.0645459789398849,106,54.9821264798886,0.00355762283244115,32,26.9060428376596,0.00279664023502425,53,22.5465198531987,0.000649617146834585,21,5.52956378903033,0.000111365450582313,5,94.7761605262311,5.22383947376891,4.10644982386331,0.953866065713072,0.163523584192527,"",206,49,47,OK,18.875,20.235,11.2514007782101
17,17.9,15.93,11.59,75182,22.746125,54922,20260,0.730520603335905,75182,TRUE,17.4145454545455,15.9718181818182,12.0110789473684,30.3503314746694,21.539,0.0723463722463875,388.866241698284,0.806821895239254,0.807,22.193016867763,0.656664258748373,538,366.673224830521,0.150157636490881,45,113.819472487754,0.130807774494747,215,149.128817039667,0.0161269496109391,278,103.7249353031,0.0032229123851947,6,81.3889983183521,18.6110016816479,16.2127199654092,1.9988239915275,0.399457724711225,"",55,105,236,OK,17.4145454545455,15.9718181818182,12.0110789473684
18,14.75,12.68,11.82,71036,17.6163636363636,48360,22676,0.680781575539163,71036,TRUE,14.683275862069,12.8291379310345,12.0933592017738,33.0075314462994,17.177,0.0855689046639739,278.817910329781,1.06503145855575,1.065,18.1322389675431,0.836430607601734,457,260.685671362238,0.228600850954014,55,61.5616570514918,0.17800377303476,144,97.9831829005048,0.042079005287488,258,101.140831410241,0.00851807263176555,6,78.5357653881876,21.4642346118124,16.7134756072036,3.95096360294839,0.799795401660399,"",167,246,62,OK,14.683275862069,12.8291379310345,12.0933592017738
19,18.23,18.07,12,79331,22.3966666666667,52062,27269,0.656262999331913,79331,TRUE,17.59,18.09,12.3,29.0503515235872,21.12,0.0662815514278989,300.947941040771,0.727361850236894,0.727,22.9588567996339,0.672075984933683,531,277.989084241137,0.0552858653032108,95,119.679856702024,0.0466089103630504,276,112.164970357102,0.0072800525274764,160,46.1442571820111,0.00139690241268402,6,92.3991249630146,7.60087503698534,6.40793991984462,1.00088457005346,0.192050547087267,"",212,51,190,OK,17.59,18.09,12.3
20,15.3,16.97,13.1,26126,18.6257142857143,19355,6771,0.740832886779454,26126,TRUE,15.1763654089179,16.9642662018553,13.587835745271,9.09821562810409,16.342,0.00650133181597776,57.1446097957263,0.0683277767818925,0.068,18.24202481352,0.0645568694436796,58,38.9025849822062,0.00377090733821289,25,26.9187455826627,0.0035300702726561,27,10.4900827219291,0.000211507223088904,6,1.4937566776144,2.93298424678794e-05,4,94.4811502498465,5.51884975015346,5.16637660248241,0.30954793650619,0.0429252111648569,"",56,255,224,OK,15.1763654089179,16.9642662018553,13.587835745271
21,17.14,25.33,13.23,66042,20.0133136094675,39656,26386,0.60046636988583,0,FALSE,,,,,,,,,,,,,,,,,,,,,,,,,,,,,,,239,156,54,NOT_ELIGIBLE,17.14,25.33,13.23
22,15.87,21.18,13.09,132427,24.1177685950413,89813,42614,0.678207616271606,132427,TRUE,15.4886506599441,21.1478020141669,13.423606557377,37.0565052703835,22.776,0.107849664937919,561.743074315677,1.30160941538987,1.302,22.5406142303365,1.11450936930087,934,539.20246008534,0.187100046089,76,131.551332483014,0.138556216804176,339,216.415413953413,0.0401396408583069,519,191.235713648913,0.00840418842651713,7,85.6254845826421,14.3745154173579,10.6449918974098,3.0838468425095,0.645676677438586,"",113,65,248,OK,15.4886506599441,21.1478020141669,13.423606557377
23,11.59,12.03,12.9,93434,27.04875,57409,36025,0.614433717918531,93434,TRUE,11.1965789473684,12.0992105263158,13.2667987804878,39.7971313526729,26.313,0.124392277199601,579.182094847467,1.50909724189521,1.509,27.9405806169953,1.29944748719345,927,551.241514230471,0.209649754701768,99,157.821896814914,0.164013651932893,388,237.514148294435,0.0391469233227185,440,155.905469121122,0.00648917944615652,6,86.1076046737401,13.8923953262599,10.8683289174205,2.59406234641019,0.430004062429206,"",67,216,63,OK,11.1965789473684,12.0992105263158,13.2667987804878
24,9.96,11.74,13.12,71373,22.7939130434783,40395,30978,0.565970324912782,71373,TRUE,10.6337974683544,11.7339240506329,13.5062025316456,28.8553883714439,22.594,0.0653948773041016,380.435763068718,0.819515857284983,0.82,24.7961335555796,0.723241494403786,654,355.639629513139,0.0962743628811967,106,131.288261228893,0.0804627352015333,300,135.893594436577,0.012517868233203,248,88.457773847669,0.00329375944646038,7,88.2522879788868,11.7477120211132,9.81832559873857,1.52747114310566,0.401915279268964,"",248,61,121,OK,10.6337974683544,11.7339240506329,13.5062025316456
25,13.99,16.9,14.15,35929,21.3697058823529,20215,15714,0.562637423808066,35929,TRUE,13.52,17.525,14.4370114942529,12.1685143991453,19.063,0.0116296060151828,191.886582149192,0.101636335568673,0.102,19.5324446017701,0.0889600150591009,253,172.354137547422,0.0126763205095725,37,57.6899047780609,0.0087925899525077,86,67.7449936004541,0.00292263187401707,130,46.9192391689067,0.000961098683047713,6,87.5277670740034,12.4722329259966,8.65103007040897,2.87557777212689,0.945625083460748,"",24,159,244,OK,13.52,17.525,14.4370114942529
26,12.63,15.73,14.33,32524,13.8019230769231,20956,11568,0.644324191366376,32524,TRUE,12.1175,15.80375,14.6057911392405,10.0516490820734,11.044,0.00793532133736565,100.756141989857,0.0521187494668495,0.052,13.0256287628421,0.042794425480023,134,87.7305132270151,0.00932432398682648,38,39.5527758918863,0.006311805406165,59,31.7544655367946,0.0024198045341014,37,16.4232717983343,0.00059271404656008,6,82.1094633270944,17.8905366729056,12.110431410446,4.6428676030313,1.13723765942826,No valid measure,217,235,40,OK,12.1175,15.80375,14.6057911392405
27,13.59,26.27,14.78,34083,18.2142307692308,16858,17225,0.494616084264883,0,FALSE,,,,,,,,,,,,,,,,,,,,,,,,,,,,,,,176,15,215,NOT_ELIGIBLE,13.59,26.27,14.78
28,11.86,19.44,15.46,13849,21.6069142857143,11754,2095,0.848725539750163,13849,TRUE,11.5706603773585,19.8614150943396,15.7562429378531,14.8203610843124,20.214,0.0172507289439464,91.6309679259665,0.163743105873225,0.164,20.9891640420114,0.156719530919189,85,70.6418038839551,0.00702357495403588,19,31.5526522108176,0.00597322416501481,39,28.5823161186651,0.000842927673814595,27,10.5068355544724,0.000207423115206476,5,95.7106133314255,4.28938666857447,3.64792406566386,0.514786664952611,0.126675937958005,"",19,207,115,OK,11.5706603773585,19.8614150943396,15.7562429378531
29,6.78,14.57,16.26,26317,4.07,9802,16515,0.372458866892123,26317,TRUE,6.13411214953271,15.1410280373832,16.4078504672897,2.27271758419539,3.132,0.000405677410733053,53.7887206251817,0.00360681209602804,0.004,3.88370076452804,0.00121157017334677,107,49.9050198606537,0.00239524192268127,22,17.4849780575278,0.00122651709444614,44,20.3562755832465,0.000850750035417393,41,12.0637662198793,0.000317974792817742,5,33.5911641940259,66.4088358059741,34.0055722835361,23.5873123624675,8.81595115997055,Small tree allometry,236,105,68,OK,6.13411214953271,15.1410280373832,16.4078504672897
30,10.78,21.19,16.53,95079,16.1102941176471,59240,35839,0.623060823104997,0,FALSE,,,,,,,,,,,,,,,,,,,,,,,,,,,,,,,46,60,245,NOT_ELIGIBLE,10.78,21.19,16.53
31,10.64,22.5,16.17,31107,22.1973529411765,20179,10928,0.648696434886039,0,FALSE,,,,,,,,,,,,,,,,,,,,,,,,,,,,,,,110,214,50,NOT_ELIGIBLE,10.64,22.5,16.17
32,7.58,16.56,17.04,36587,20.1011320754717,27010,9577,0.738240358597316,0,FALSE,,,,,,,,,,,,,,,,,,,,,,,,,,,,,,,238,53,174,NOT_ELIGIBLE,7.58,16.56,17.04
33,10.7,24.18,16.26,63163,20.783064516129,40136,23027,0.635435302313063,0,FALSE,,,,,,,,,,,,,,,,,,,,,,,,,,,,,,,39,215,225,NOT_ELIGIBLE,10.7,24.18,16.26
34,8.43,21.36,17.68,56106,16.9015384615385,39263,16843,0.699800377856201,0,FALSE,,,,,,,,,,,,,,,,,,,,,,,,,,,,,,,224,184,57,NOT_ELIGIBLE,8.43,21.36,17.68
35,8.24,22.79,18.12,63176,21.3403488372093,38894,24282,0.615645181714575,0,FALSE,,,,,,,,,,,,,,,,,,,,,,,,,,,,,,,109,23,207,NOT_ELIGIBLE,8.24,22.79,18.12
36,1.96,16.49,19.06,24308,22.649,13785,10523,0.56709725193352,0,FALSE,,,,,,,,,,,,,,,,,,,,,,,,,,,,,,,56,225,86,NOT_ELIGIBLE,1.96,16.49,19.06
37,1.19,17.27,19.39,284,2.25350877192982,95,189,0.334507042253521,0,FALSE,,,,,,,,,,,,,,,,,,,,,,,,,,,,,,,232,55,75,NOT_ELIGIBLE,1.19,17.27,19.39
38,6.3,19.7,18.78,21007,21.40625,14637,6370,0.696767744085305,0,FALSE,,,,,,,,,,,,,,,,,,,,,,,,,,,,,,,13,107,246,NOT_ELIGIBLE,6.3,19.7,18.78
39,4.85,15.86,18,18015,20.1696666666667,11282,6733,0.626255897862892,0,FALSE,,,,,,,,,,,,,,,,,,,,,,,,,,,,,,,179,247,24,NOT_ELIGIBLE,4.85,15.86,18
40,4.3,13.95,17.14,3985,12.16,3296,689,0.827101631116688,0,FALSE,,,,,,,,,,,,,,,,,,,,,,,,,,,,,,,205,33,203,NOT_ELIGIBLE,4.3,13.95,17.14
41,4.76,13.49,17.14,32694,21.2464516129032,18935,13759,0.579158255337371,0,FALSE,,,,,,,,,,,,,,,,,,,,,,,,,,,,,,,32,233,177,NOT_ELIGIBLE,4.76,13.49,17.14
42,2.96,13.82,17.37,809,3.42642857142857,130,679,0.160692212608158,0,FALSE,,,,,,,,,,,,,,,,,,,,,,,,,,,,,,,219,122,49,NOT_ELIGIBLE,2.96,13.82,17.37
43,3.02,13.635,17.14,12,0.446666666666665,10,2,0.833333333333333,0,FALSE,,,,,,,,,,,,,,,,,,,,,,,,,,,,,,,54,30,206,NOT_ELIGIBLE,3.02,13.635,17.14
44,3.35,10.91,16.09,8454,15.169014084507,5125,3329,0.606221906789685,0,FALSE,,,,,,,,,,,,,,,,,,,,,,,,,,,,,,,76,222,48,NOT_ELIGIBLE,3.35,10.91,16.09
45,10.97,19.99,16.18,17602,18.2564516129032,13131,4471,0.745994773321213,0,FALSE,,,,,,,,,,,,,,,,,,,,,,,,,,,,,,,218,38,119,NOT_ELIGIBLE,10.97,19.99,16.18
46,11.89,24.22,15.04,1093,2.42037037037037,417,676,0.381518755718207,0,FALSE,,,,,,,,,,,,,,,,,,,,,,,,,,,,,,,33,196,254,NOT_ELIGIBLE,11.89,24.22,15.04
47,10.12,15.32,15.27,37972,14.22796875,24702,13270,0.650531970925945,37972,TRUE,9.89115384615385,15.2565384615385,15.5453968253968,10.4623043514647,13.245,0.00859695355797677,86.2965901071147,0.0573679242995017,0.057,14.155801036593,0.0494421414077939,121,72.1407890705218,0.00792578289170787,31,39.7098968207669,0.00687089712101402,70,27.4773735983815,0.000931284817012648,20,4.95351865137338,0.000123600953681202,5,86.1842955127162,13.8157044872839,11.9768968546657,1.62335456334566,0.215453069272502,No valid measure,253,246,45,OK,9.89115384615385,15.2565384615385,15.5453968253968
48,5.37,11.42,15.27,513,3.15619318181818,115,398,0.224171539961014,0,FALSE,,,,,,,,,,,,,,,,,,,,,,,,,,,,,,,177,56,235,NOT_ELIGIBLE,5.37,11.42,15.27
49,14.49,26.79,13.2,464,1.91870370370371,96,368,0.206896551724138,0,FALSE,,,,,,,,,,,,,,,,,,,,,,,,,,,,,,,28,253,114,NOT_ELIGIBLE,14.49,26.79,13.2
50,15.99,16.53,12.44,1580,0.652978723404257,1478,102,0.935443037974684,0,FALSE,,,,,,,,,,,,,,,,,,,,,,,,,,,,,,,249,87,70,NOT_ELIGIBLE,15.99,16.53,12.44
51,14.82,13.71,12.13,582,1.37820105820106,262,320,0.450171821305842,0,FALSE,,,,,,,,,,,,,,,,,,,,,,,,,,,,,,,47,79,210,NOT_ELIGIBLE,14.82,13.71,12.13
52,8.79,5.61,10.7,1015,5.69941605839416,384,631,0.378325123152709,0,FALSE,,,,,,,,,,,,,,,,,,,,,,,,,,,,,,,130,234,28,NOT_ELIGIBLE,8.79,5.61,10.7
53,19.6,17.55,10.83,51697,7.4604132231405,26674,25023,0.515968044567383,51697,TRUE,19.4197384869804,17.7213095984201,11.2734939872816,4.57603765202617,6.227,0.00164463322548757,86.3833301285752,0.0121122218995545,0.012,7.06808113918149,0.00605726817652086,132,79.3152489893937,0.00605495372303366,29,30.1741087650653,0.0040304163130319,63,36.1873768825038,0.00171995514018877,40,12.9537633418246,0.000304582269812997,5,50.0095542069258,49.9904457930742,33.2756148826842,14.2001620714365,2.51466883895348,No valid measure,222,39,182,OK,19.4197384869804,17.7213095984201,11.2734939872816
54,18.58,12.94,10.86,26851,12.4583333333333,22901,3950,0.852891884846002,26851,TRUE,17.5789609902121,14.0519079874019,11.2943663935226,8.69001479486523,9.466,0.00593104082002764,72.3214893319065,0.0343287165689378,0.034,11.774483623479,0.0299137344317947,99,60.5470057084275,0.00441498213714307,28,25.6987248059339,0.00284764582272028,42,24.01762974743,0.00130152034789591,29,10.8306511550636,0.000265815966526877,5,87.1390993360412,12.8609006639588,8.29522949686083,3.79134578271298,0.774325384385037,No valid measure,62,238,225,OK,17.5789609902121,14.0519079874019,11.2943663935226
55,13.39,7.72,10.58,1327,5.58295652173913,836,491,0.629992464204974,1327,TRUE,13.0995833333333,8.14395833333333,10.9589583333333,3.69020895222581,3.991,0.00106952711038519,7.34233935855787,0.0033728157098002,0.003,5.10895915069025,0.00330358607194306,5,2.23338020786762,6.92296378571372e-05,5,2.23338020786762,6.92296378571372e-05,0,0,0,0,0,0,2,97.9474230490572,2.05257695094282,2.05257695094282,0,0,Small tree allometry,237,165,41,OK,13.0995833333333,8.14395833333333,10.9589583333333
56,20.44,19.48,9.92,12239,4.45475409836066,5379,6860,0.43949669090612,12239,TRUE,20.5639943690403,19.4339243435697,10.5629376271771,2.97744287566329,3.387,0.000696268515574737,19.6211841165029,0.00254356839211977,0.003,4.92877496944859,0.00212362837294236,36,14.6924091470543,0.000419940019177413,17,8.42716183072951,0.000260161333336334,14,5.23140207423218,0.000138421355851247,5,1.0338452420926,2.13573299898328e-05,4,83.4901227551644,16.5098772448356,10.228202793459,5.44201430872037,0.839660142656275,Small tree allometry,110,42,240,OK,20.5639943690403,19.4339243435697,10.5629376271771
57,8.55,5.13,10.4,657,3.68897435897436,121,536,0.184170471841705,0,FALSE,,,,,,,,,,,,,,,,,,,,,,,,,,,,,,,26,236,37,NOT_ELIGIBLE,8.55,5.13,10.4
58,21.57,31.56,8.28,15864,18.4964705882353,9404,6460,0.592788703983863,0,FALSE,,,,,,,,,,,,,,,,,,,,,,,,,,,,,,,210,54,92,NOT_ELIGIBLE,21.57,31.56,8.28
59,21.55,17.32,9.44,40676,18.7750495049505,21690,18986,0.533238273183204,40676,TRUE,21.1982835820896,17.3035074626866,9.99555555555555,10.0824897438674,17.834,0.00798409064936299,165.101968881891,0.08733839699831,0.087,19.1969193588729,0.0745452971572131,234,145.905049523018,0.0127930998410968,30,44.6653790513711,0.0100498143797382,87,55.2798222936235,0.00174942283635603,117,45.9598481780235,0.000993862625002589,6,85.3522616846925,14.6477383153075,11.5067538735943,2.00303978144903,1.13794466026417,"",19,125,218,OK,21.1982835820896,17.3035074626866,9.99555555555555
60,19.71,12.46,10.44,28875,18.6490909090909,17005,11870,0.588917748917749,28875,TRUE,19.0966666666667,13.8644444444445,10.71,10.568829737286,17.03,0.00877291020983609,156.899827877845,0.08193453494083,0.082,18.2220235505353,0.071819305460917,204,138.67780432731,0.010115229479913,33,52.5221775276981,0.00714189136908093,82,53.4757317239513,0.00229529555964565,89,32.6798950756606,0.000678042551186395,6,87.6544982073581,12.3455017926419,8.71658254268306,2.80137741832944,0.827541831629425,"",179,213,18,OK,19.0966666666667,13.8644444444445,10.71
61,11.715,6.21,10.37,240,1.96961504811898,50,190,0.208333333333333,0,FALSE,,,,,,,,,,,,,,,,,,,,,,,,,,,,,,,195,62,213,NOT_ELIGIBLE,11.715,6.21,10.37
62,10.38,3.58,9.81,2272,12.2250393700787,1129,1143,0.496919014084507,0,FALSE,,,,,,,,,,,,,,,,,,,,,,,,,,,,,,,51,233,158,NOT_ELIGIBLE,10.38,3.58,9.81
63,20.78,17.04,10.06,906,1.38047619047619,689,217,0.760485651214128,0,FALSE,,,,,,,,,,,,,,,,,,,,,,,,,,,,,,,226,115,67,NOT_ELIGIBLE,20.78,17.04,10.06
64,21.95,19.73,9.14,18931,18.3059090909091,13258,5673,0.700332787491416,18931,TRUE,21.7017647058824,19.7973529411765,9.45905660377358,14.8841258145397,16.051,0.0173994910996207,63.4025598571994,0.123037735585454,0.123,17.232171822422,0.120117173928023,91,46.1703880347774,0.00292056165743067,31,27.3890839228039,0.00242248888528498,49,16.1595832593609,0.000442563193578617,11,2.62172085261255,5.55095785670673e-05,5,97.626287867268,2.37371213273203,1.96889911355894,0.359697121759237,0.0451158974138582,No valid measure,55,54,224,OK,21.7017647058824,19.7973529411765,9.45905660377358
65,20.98,22.67,9.29,305,0.800363636363633,36,269,0.118032786885246,0,FALSE,,,,,,,,,,,,,,,,,,,,,,,,,,,,,,,92,247,30,NOT_ELIGIBLE,20.98,22.67,9.29
66,24.21,28.08,7.11,4510,11.0807693321038,1872,2638,0.415077605321508,4510,TRUE,23.1209708737864,28.3687378640777,8.13339805825243,7.61108778229173,7.507,0.00454970609963263,43.0277071363361,0.0242516871675008,0.024,9.36158410382191,0.0196999380705307,58,33.6661230325141,0.00455174909697009,19,19.3967948697256,0.00406079163166177,28,11.9848082267953,0.000441843459437347,11,2.28451993599322,4.91140058709783e-05,5,81.2312064495463,18.7687935504537,16.7443675304519,1.82190812699189,0.202517893009914,No valid measure,215,48,144,OK,23.1209708737864,28.3687378640777,8.13339805825243
67,15.19,2.67,7.43,17619,19.7495672624647,9466,8153,0.537260911515977,0,FALSE,,,,,,,,,,,,,,,,,,,,,,,,,,,,,,,40,205,230,NOT_ELIGIBLE,15.19,2.67,7.43
68,23.4,28.8,7.58,118,2.43542372881356,54,64,0.457627118644068,0,FALSE,,,,,,,,,,,,,,,,,,,,,,,,,,,,,,,224,199,64,NOT_ELIGIBLE,23.4,28.8,7.58
69,24.7,30.31,7.65,6108,13.3177915804003,1976,4132,0.323510150622135,0,FALSE,,,,,,,,,,,,,,,,,,,,,,,,,,,,,,,135,34,217,NOT_ELIGIBLE,24.7,30.31,7.65
70,21.26,8.31,7.04,344,1.41733333333333,65,279,0.188953488372093,0,FALSE,,,,,,,,,,,,,,,,,,,,,,,,,,,,,,,66,245,112,NOT_ELIGIBLE,21.26,8.31,7.04
71,25.185,32.95,7.17,10,1.35914212910532,2,8,0.2,0,FALSE,,,,,,,,,,,,,,,,,,,,,,,,,,,,,,,220,17,24,NOT_ELIGIBLE,25.185,32.95,7.17
72,26.81,31.18,6.53,5194,16.5573451327434,1749,3445,0.336734693877551,0,FALSE,,,,,,,,,,,,,,,,,,,,,,,,,,,,,,,62,110,208,NOT_ELIGIBLE,26.81,31.18,6.53
73,22.65,8.1,6.69,411,1.94865155807366,80,331,0.194647201946472,0,FALSE,,,,,,,,,,,,,,,,,,,,,,,,,,,,,,,166,252,26,NOT_ELIGIBLE,22.65,8.1,6.69
74,21.77,7.2,7.04,159,2.5929315960912,22,137,0.138364779874214,0,FALSE,,,,,,,,,,,,,,,,,,,,,,,,,,,,,,,223,62,209,NOT_ELIGIBLE,21.77,7.2,7.04
75,26.23,16.74,6.39,2258,2.91338842975207,663,1595,0.29362267493357,0,FALSE,,,,,,,,,,,,,,,,,,,,,,,,,,,,,,,38,221,184,NOT_ELIGIBLE,26.23,16.74,6.39
76,21.65,7.52,6.78,17,1.09861213235294,1,16,0.0588235294117647,0,FALSE,,,,,,,,,,,,,,,,,,,,,,,,,,,,,,,238,144,49,NOT_ELIGIBLE,21.65,7.52,6.78
77,21.25,6.86,6.62,23,0.987861549006169,13,10,0.565217391304348,0,FALSE,,,,,,,,,,,,,,,,,,,,,,,,,,,,,,,106,69,244,NOT_ELIGIBLE,21.25,6.86,6.62
78,24.76,29.615,5.66,270,1.56910843373494,3,267,0.0111111111111111,0,FALSE,,,,,,,,,,,,,,,,,,,,,,,,,,,,,,,64,229,50,NOT_ELIGIBLE,24.76,29.615,5.66
79,26.51,18.35,6.26,17895,18.2264335664336,9404,8491,0.52550991897178,17895,TRUE,25.9629545454546,18.5172727272727,6.69,14.7070652126188,16.04,0.0169879869080891,118.754324840178,0.130003122995911,0.13,17.5106010996036,0.114323421838825,184,101.243723740575,0.0156797011570862,45,48.8325284125036,0.0136301410458209,101,41.9545598883774,0.0017979482377318,38,10.4566354396939,0.000251611873533488,5,87.93898116003,12.06101883997,10.4844720124528,1.38300388198239,0.193542945534779,No valid measure,251,33,114,OK,25.9629545454546,18.5172727272727,6.69
80,19.74,4.03,5.6,4522,9.56777567822918,1540,2982,0.340557275541796,0,FALSE,,,,,,,,,,,,,,,,,,,,,,,,,,,,,,,14,141,207,NOT_ELIGIBLE,19.74,4.03,5.6
81,25.77,24.3,6.1,267,1.555605296343,71,196,0.265917602996255,0,FALSE,,,,,,,,,,,,,,,,,,,,,,,,,,,,,,,229,238,43,NOT_ELIGIBLE,25.77,24.3,6.1
82,27.44,15.095,5.18,246,3.55,37,209,0.150406504065041,246,TRUE,27.22125,15.8475,6.0825,0.249999994412065,1.537,4.90873830179634e-06,4.6235436476007,0.000456586128311951,0,3.29104299974227,0.00041914624077681,4,1.33250064785843,3.74398875351411e-05,2,1.22061205721308,3.52429602934018e-05,2,0.111888590645345,2.19692724173927e-06,0,0,0,3,91.8000383249573,8.19996167504266,7.71879785829213,0.481163816750534,0,Small tree allometry,202,65,246,OK,27.22125,15.8475,6.0825
83,22.8,4.25,5.43,35293,22.9136103542234,12069,23224,0.341965828917916,35293,TRUE,22.4734782608696,5.54,5.86913043478261,21.1740555055952,20.691,0.0352125904671993,407.494123415999,0.362186032582751,0.362,21.7172690188031,0.282516635648873,664,385.776854397196,0.0796693969338784,64,113.613326154386,0.0593688482729446,276,165.728405039812,0.0161816883356101,324,106.435123202999,0.00411886032532377,7,78.0031835115906,21.9968164884094,16.3918105426609,4.46778364704412,1.13722229870438,No valid measure,36,221,122,OK,22.4734782608696,5.54,5.86913043478261
84,28.49,24.22,3.77,709,4.37984771573604,305,404,0.430183356840621,0,FALSE,,,,,,,,,,,,,,,,,,,,,,,,,,,,,,,252,95,63,NOT_ELIGIBLE,28.49,24.22,3.77
85,31.99,13.75,2.71,13303,19.4117235509275,4762,8541,0.357964368939337,0,FALSE,,,,,,,,,,,,,,,,,,,,,,,,,,,,,,,17,43,229,NOT_ELIGIBLE,31.99,13.75,2.71
86,31.22,10.87,2.8,6209,16.0449488437281,3124,3085,0.503140602351425,0,FALSE,,,,,,,,,,,,,,,,,,,,,,,,,,,,,,,134,252,51,NOT_ELIGIBLE,31.22,10.87,2.8
87,2.94,17.39,19.21,3585,10.4977333333333,2819,766,0.786331938633194,0,FALSE,,,,,,,,,,,,,,,,,,,,,,,,,,,,,,,220,49,169,NOT_ELIGIBLE,2.94,17.39,19.21
88,1.44,15.74,18.65,1069,3.55438235294118,246,823,0.230121608980355,0,FALSE,,,,,,,,,,,,,,,,,,,,,,,,,,,,,,,61,234,235,NOT_ELIGIBLE,1.44,15.74,18.65
89,1.16,14.03,18.3,1719,4.77050092764378,449,1270,0.261198371146015,0,FALSE,,,,,,,,,,,,,,,,,,,,,,,,,,,,,,,249,183,19,NOT_ELIGIBLE,1.16,14.03,18.3
90,5.25,17.56,17.23,3909,7.25429447852761,2407,1502,0.615758506011768,0,FALSE,,,,,,,,,,,,,,,,,,,,,,,,,,,,,,,134,61,235,NOT_ELIGIBLE,5.25,17.56,17.23
91,9.41,17.16,16.39,12813,8.7,10892,1921,0.850074143448061,0,FALSE,,,,,,,,,,,,,,,,,,,,,,,,,,,,,,,17,226,44,NOT_ELIGIBLE,9.41,17.16,16.39
92,2.57,11.1,16.47,200,2.38194968553459,76,124,0.38,0,FALSE,,,,,,,,,,,,,,,,,,,,,,,,,,,,,,,233,62,90,NOT_ELIGIBLE,2.57,11.1,16.47
93,2.65,10.8,15.89,75,1.15678571428571,13,62,0.173333333333333,0,FALSE,,,,,,,,,,,,,,,,,,,,,,,,,,,,,,,67,151,252,NOT_ELIGIBLE,2.65,10.8,15.89
94,11.4,14.51,14.46,1568,1.75080459770115,1452,116,0.926020408163265,0,FALSE,,,,,,,,,,,,,,,,,,,,,,,,,,,,,,,201,247,67,NOT_ELIGIBLE,11.4,14.51,14.46
95,6.21,7.2,13.21,22457,24.3863529552811,15044,7413,0.669902480295676,0,FALSE,,,,,,,,,,,,,,,,,,,,,,,,,,,,,,,212,38,219,NOT_ELIGIBLE,6.21,7.2,13.21
96,17.55,20.92,13.01,26161,22.0154,13614,12547,0.520392951339781,26161,TRUE,16.1175,20.07375,13.2984834123223,7.74236753831435,18.912,0.00470801078604673,141.644440524094,0.0563826610609882,0.056,20.8080397950918,0.0506515625668275,216,120.836400729002,0.00573109849416074,38,39.3518038884813,0.00384987414033407,78,46.1566679238349,0.00114245515458734,100,35.3279289166862,0.000738769199239323,6,89.8353529501534,10.1646470498466,6.82811713368712,2.026252633503,1.31027728265647,"",56,247,184,OK,16.1175,20.07375,13.2984834123223
97,9.49,8.41,12.36,284,2.36173913043478,98,186,0.345070422535211,0,FALSE,,,,,,,,,,,,,,,,,,,,,,,,,,,,,,,217,122,64,NOT_ELIGIBLE,9.49,8.41,12.36
98,6.62,5.55,11.82,9627,22.8055295461033,6064,3563,0.629895086735224,0,FALSE,,,,,,,,,,,,,,,,,,,,,,,,,,,,,,,64,49,221,NOT_ELIGIBLE,6.62,5.55,11.82
99,18.53,23.71,11.13,2286,3.20847826086956,1359,927,0.594488188976378,2286,TRUE,18.0887058823529,23.6849411764706,11.7562352941176,1.69820246319818,1.884,0.000226500317079944,5.57948474893931,0.000744592315567799,0.001,3.07750877714069,0.000651875228767899,7,2.50197597179862,9.27170867998997e-05,6,1.95662220165492,7.49468669013863e-05,1,0.545353770143694,1.77702198985134e-05,0,0,0,3,87.5479393405777,12.4520606594223,10.0654902467311,2.38657041269121,0,Small tree allometry,69,232,27,OK,18.0887058823529,23.6849411764706,11.7562352941176
100,20.15,26.17,9.41,1172,2.84333333333333,823,349,0.70221843003413,0,FALSE,,,,,,,,,,,,,,,,,,,,,,,,,,,,,,,214,62,137,NOT_ELIGIBLE,20.15,26.17,9.41
101,12.16,5.89,9.47,43,1.416475145255,3,40,0.0697674418604651,0,FALSE,,,,,,,,,,,,,,,,,,,,,,,,,,,,,,,37,189,230,NOT_ELIGIBLE,12.16,5.89,9.47
102,11.81,4.64,9.49,4772,5.60272727272727,1173,3599,0.245808885163454,0,FALSE,,,,,,,,,,,,,,,,,,,,,,,,,,,,,,,251,236,58,NOT_ELIGIBLE,11.81,4.64,9.49
103,21.58,22.83,9,1751,2.57988700564971,477,1274,0.272415762421473,0,FALSE,,,,,,,,,,,,,,,,,,,,,,,,,,,,,,,158,55,220,NOT_ELIGIBLE,21.58,22.83,9
104,12.17,5.875,9.22,26,0.461593625498008,1,25,0.0384615384615385,0,FALSE,,,,,,,,,,,,,,,,,,,,,,,,,,,,,,,59,222,114,NOT_ELIGIBLE,12.17,5.875,9.22
105,15.69,6.86,8.49,2342,6.09408822191906,987,1355,0.421434671221179,2342,TRUE,15.2709090909091,6.89363636363636,8.65818181818182,3.6151012108056,4.902,0.00102643346402554,15.0527370945478,0.00391239509704157,0.004,5.54662299536131,0.00338083189147983,16,9.50611409918644,0.000531563205561741,7,6.29085346110261,0.000424663060731086,8,3.10962083318923,0.000104825912204733,1,0.105639804894599,2.07423262592164e-06,4,86.4133556970334,13.5866443029665,10.8542989702702,2.67932838081715,0.0530169518791727,Small tree allometry,207,52,45,OK,15.2709090909091,6.89363636363636,8.65818181818182
106,11.36,5.11,9.09,11,1.62130434782609,5,6,0.454545454545455,0,FALSE,,,,,,,,,,,,,,,,,,,,,,,,,,,,,,,65,111,249,NOT_ELIGIBLE,11.36,5.11,9.09
107,13.28,4.68,8.79,14141,22.0534482758621,8252,5889,0.583551375433138,0,FALSE,,,,,,,,,,,,,,,,,,,,,,,,,,,,,,,153,230,62,NOT_ELIGIBLE,13.28,4.68,8.79
108,23.895,34.19,7.51,126,2.46912157861235,10,116,0.0793650793650794,0,FALSE,,,,,,,,,,,,,,,,,,,,,,,,,,,,,,,245,47,212,NOT_ELIGIBLE,23.895,34.19,7.51
109,19.45,8.43,8,538,1.44772651006711,51,487,0.0947955390334572,0,FALSE,,,,,,,,,,,,,,,,,,,,,,,,,,,,,,,63,216,197,NOT_ELIGIBLE,19.45,8.43,8
110,23.34,24.87,7.14,138,0.647714285714286,13,125,0.0942028985507246,0,FALSE,,,,,,,,,,,,,,,,,,,,,,,,,,,,,,,239,152,29,NOT_ELIGIBLE,23.34,24.87,7.14
111,24.91,24.15,7.34,15209,10.869562962963,7452,7757,0.489973042277599,15209,TRUE,23.8417647058823,23.7652941176471,7.58492424242424,6.95506521608716,7.625,0.00379920120766334,49.574377523986,0.0198038868352444,0.02,9.07512259206842,0.016040407698522,70,40.4992549319176,0.00376347913672238,27,25.4670812215357,0.00328352680482562,31,12.214671942711,0.000421878450980105,12,2.81750176767086,5.80738809166578e-05,4,80.9962601380622,19.0037398619378,16.5802139354888,2.13028106295427,0.293244863494703,No valid measure,121,68,248,OK,23.8417647058823,23.7652941176471,7.58492424242424
112,26.19,20.82,6.79,11995,13.4329518072289,6439,5556,0.536807002917882,11995,TRUE,25.1207142857143,20.535,7.23877419354839,9.74615856374633,9.341,0.00746030918867225,65.555596527378,0.0425043295591192,0.043,11.5320843776778,0.0368238298844773,103,54.0235121497003,0.00568049967464195,28,24.6645707840576,0.00416211788321856,51,22.4155573296857,0.00132522425880664,24,6.94338403595693,0.000193157532616747,5,86.6354798827236,13.3645201172764,9.7922209958152,3.11785710432955,0.454442017131654,No valid measure,14,227,14,OK,25.1207142857143,20.535,7.23877419354839
113,18.14,6.54,7.43,19933,5.99996563573883,5280,14653,0.26488737269854,19933,TRUE,18.226632514756,6.52854519385382,7.74598665398329,3.67239320498873,4.884,0.00105922502233094,97.6715721491875,0.0116230000009207,0.012,5.67710854513667,0.00347600816800836,171,91.9944636040508,0.00814699183291236,27,26.3724822347329,0.00430456621829425,54,33.7040330389182,0.00279681151462154,90,31.9179483303997,0.00104561409999657,7,29.9062906971781,70.093709302822,37.0348982014391,24.0627334973758,8.99607760400706,Small tree allometry,213,57,102,OK,18.226632514756,6.52854519385382,7.74598665398329
114,22.18,7.72,6.83,5760,4.48548042704627,1218,4542,0.211458333333333,5760,TRUE,21.9464259147171,7.94726180866469,7.3504940039099,2.4182668830922,2.87,0.000459302001892887,26.7747561474134,0.00250624831589299,0.003,4.13511859205063,0.00139802895828163,54,22.6396375553628,0.00110821935761136,16,11.9901443698136,0.000794373588795452,30,7.66124691684503,0.000220885649105905,8,2.98824626870413,9.29601197100013e-05,5,55.7817415543483,44.2182584456518,31.6957255894419,8.81339840530535,3.70913445090452,Small tree allometry,56,157,230,OK,21.9464259147171,7.94726180866469,7.3504940039099
115,17.54,3.37,6.24,16234,19.547135678392,8503,7731,0.523777257607491,0,FALSE,,,,,,,,,,,,,,,,,,,,,,,,,,,,,,,219,248,18,NOT_ELIGIBLE,17.54,3.37,6.24
116,25.11,33.19,6.69,7,0.656126840317104,1,6,0.142857142857143,0,FALSE,,,,,,,,,,,,,,,,,,,,,,,,,,,,,,,174,13,206,NOT_ELIGIBLE,25.11,33.19,6.69
117,24.81,26.81,5.68,19815,16.7540092165899,5595,14220,0.282361847085541,0,FALSE,,,,,,,,,,,,,,,,,,,,,,,,,,,,,,,50,217,141,NOT_ELIGIBLE,24.81,26.81,5.68
118,25.9,33.93,5.97,13454,20.4590838206628,4789,8665,0.355953619741341,0,FALSE,,,,,,,,,,,,,,,,,,,,,,,,,,,,,,,252,114,68,NOT_ELIGIBLE,25.9,33.93,5.97
119,26.99,15.86,5.6,6747,4.56063025210084,1981,4766,0.293611975692901,6747,TRUE,27.1230492572311,16.0196916589695,6.05611568666296,2.5438957752763,3.364,0.000508263016352878,27.8353166824998,0.00254548957541747,0.003,4.33054362039277,0.00153913985366088,51,23.5047730621071,0.00100634972175658,17,12.1583524609104,0.000684827774377731,25,9.19899731633504,0.000273155313272458,9,2.14742328486158,4.8366634106394e-05,5,60.4653764260048,39.5346235739952,26.9035780382412,10.7309539159146,1.90009161983945,Small tree allometry,24,32,235,OK,27.1230492572311,16.0196916589695,6.05611568666296
120,25.44,25.75,5.88,47,1.15597575057736,13,34,0.276595744680851,0,FALSE,,,,,,,,,,,,,,,,,,,,,,,,,,,,,,,103,252,29,NOT_ELIGIBLE,25.44,25.75,5.88
121,25.89,7,5.24,100533,23.900303030303,49479,51054,0.492166751216019,100533,TRUE,25.0752739726027,7.53828767123288,5.65364077669903,22.7896251365697,21.766,0.0407909898819078,1109.7408835985,0.741036912760539,0.741,24.0130989837185,0.358138636106157,1706,1085.72778461478,0.382898276654382,67,159.132069775019,0.227005610199713,376,355.651875073556,0.105324176070035,1263,570.943839766208,0.0505684903846338,9,48.3293922258212,51.6706077741788,30.6335091128002,14.2130809216612,6.82401773971747,No valid measure,246,17,160,OK,25.0752739726027,7.53828767123288,5.65364077669903
122,28.43,20.84,4.21,21,0.687430830039523,2,19,0.0952380952380952,0,FALSE,,,,,,,,,,,,,,,,,,,,,,,,,,,,,,,11,190,207,NOT_ELIGIBLE,28.43,20.84,4.21
123,29.59,17.075,3.89,292,4.07066037735849,58,234,0.198630136986301,0,FALSE,,,,,,,,,,,,,,,,,,,,,,,,,,,,,,,219,177,14,NOT_ELIGIBLE,29.59,17.075,3.89
124,25.11,2.65,3.14,227,3.31524644030668,113,114,0.497797356828194,0,FALSE,,,,,,,,,,,,,,,,,,,,,,,,,,,,,,,135,41,230,NOT_ELIGIBLE,25.11,2.65,3.14
125,29.55,21.29,3.4,147,1.58570608495982,50,97,0.340136054421769,0,FALSE,,,,,,,,,,,,,,,,,,,,,,,,,,,,,,,55,240,94,NOT_ELIGIBLE,29.55,21.29,3.4
126,30.84,11.2,2.85,542,3.61487141020146,406,136,0.749077490774908,0,FALSE,,,,,,,,,,,,,,,,,,,,,,,,,,,,,,,219,52,66,NOT_ELIGIBLE,30.84,11.2,2.85
127,31.43,17.23,2.34,32396,22.493710118505,11774,20622,0.363439930855661,0,FALSE,,,,,,,,,,,,,,,,,,,,,,,,,,,,,,,40,110,228,NOT_ELIGIBLE,31.43,17.23,2.34
128,32.07,12.32,1.66,469,5.88411705685619,153,316,0.326226012793177,0,FALSE,,,,,,,,,,,,,,,,,,,,,,,,,,,,,,,175,241,42,NOT_ELIGIBLE,32.07,12.32,1.66
129,4.5,19.67,18.22,18193,20.84,11450,6743,0.629362941790799,0,FALSE,,,,,,,,,,,,,,,,,,,,,,,,,,,,,,,211,46,204,NOT_ELIGIBLE,4.5,19.67,18.22
130,16.79,24.35,12.2,1671,2.03859649122807,1240,431,0.742070616397367,0,FALSE,,,,,,,,,,,,,,,,,,,,,,,,,,,,,,,15,252,192,NOT_ELIGIBLE,16.79,24.35,12.2
131,6.63,21.61,17.82,7308,3.15347826086957,3695,3613,0.505610290093049,0,FALSE,,,,,,,,,,,,,,,,,,,,,,,,,,,,,,,224,120,32,NOT_ELIGIBLE,6.63,21.61,17.82
132,5.27,18.86,18.13,265,0.622077922077921,56,209,0.211320754716981,0,FALSE,,,,,,,,,,,,,,,,,,,,,,,,,,,,,,,84,58,217,NOT_ELIGIBLE,5.27,18.86,18.13
133,7.68,18.74,18.02,14290,19.8454651162791,11020,3270,0.771168649405179,0,FALSE,,,,,,,,,,,,,,,,,,,,,,,,,,,,,,,75,252,49,NOT_ELIGIBLE,7.68,18.74,18.02
134,5.64,18,17.76,3012,2.87350364963504,730,2282,0.242363877822045,0,FALSE,,,,,,,,,,,,,,,,,,,,,,,,,,,,,,,247,18,114,NOT_ELIGIBLE,5.64,18,17.76
135,2.25,13.59,18.08,7342,19.6900699300699,2945,4397,0.401116861890493,0,FALSE,,,,,,,,,,,,,,,,,,,,,,,,,,,,,,,41,172,225,NOT_ELIGIBLE,2.25,13.59,18.08
136,22.25,19.19,8.58,1088,1.20804347826087,200,888,0.183823529411765,0,FALSE,,,,,,,,,,,,,,,,,,,,,,,,,,,,,,,249,249,18,NOT_ELIGIBLE,22.25,19.19,8.58
137,3.11,13.41,17.3,646,1.84,158,488,0.244582043343653,0,FALSE,,,,,,,,,,,,,,,,,,,,,,,,,,,,,,,161,32,215,NOT_ELIGIBLE,3.11,13.41,17.3
138,4.8,14.34,17.06,2029,3.8175,759,1270,0.374075899457861,0,FALSE,,,,,,,,,,,,,,,,,,,,,,,,,,,,,,,36,252,126,NOT_ELIGIBLE,4.8,14.34,17.06
139,20.6,3.17,5.07,44850,19.8257736720554,12964,31886,0.289052396878484,0,FALSE,,,,,,,,,,,,,,,,,,,,,,,,,,,,,,,228,45,19,NOT_ELIGIBLE,20.6,3.17,5.07
140,11.04,25.46,15.44,2562,2.76425531914894,1219,1343,0.475800156128025,0,FALSE,,,,,,,,,,,,,,,,,,,,,,,,,,,,,,,37,66,210,NOT_ELIGIBLE,11.04,25.46,15.44
141,9.98,19.57,16.73,22500,14.0443298969072,17109,5391,0.7604,0,FALSE,,,,,,,,,,,,,,,,,,,,,,,,,,,,,,,116,236,13,NOT_ELIGIBLE,9.98,19.57,16.73
142,11.71,23.06,16.2,3193,2.35379746835443,762,2431,0.238647040400877,0,FALSE,,,,,,,,,,,,,,,,,,,,,,,,,,,,,,,219,48,177,NOT_ELIGIBLE,11.71,23.06,16.2
143,4.76,13.62,16.16,44,1.46723076923077,21,23,0.477272727272727,0,FALSE,,,,,,,,,,,,,,,,,,,,,,,,,,,,,,,44,246,237,NOT_ELIGIBLE,4.76,13.62,16.16
144,2.37,10.925,16.17,16,0.790816326530614,4,12,0.25,0,FALSE,,,,,,,,,,,,,,,,,,,,,,,,,,,,,,,221,162,47,NOT_ELIGIBLE,2.37,10.925,16.17
145,13.71,21.53,14.88,64485,7.91,39723,24762,0.616003721795766,0,FALSE,,,,,,,,,,,,,,,,,,,,,,,,,,,,,,,115,36,249,NOT_ELIGIBLE,13.71,21.53,14.88
146,2.275,10.895,16.02,4,0.392073170731708,3,1,0.75,0,FALSE,,,,,,,,,,,,,,,,,,,,,,,,,,,,,,,24,205,38,NOT_ELIGIBLE,2.275,10.895,16.02
147,11.43,16.73,15.02,64647,14.9481052631579,39346,25301,0.608628397296085,64647,TRUE,11.1002054794521,16.9321232876712,15.2793375394322,15.2661178489235,12.421,0.0183040461742568,162.885235171809,0.185653098190247,0.186,14.5831935358856,0.161888608574552,287,148.302041635924,0.0237644896156944,56,57.2134590685695,0.0186012141583961,115,51.7492332844991,0.0037316069173127,116,39.3393492828549,0.00143166853998563,7,87.1995189698683,12.8004810301317,10.0193394776179,2.00998903529676,0.771152517217102,"",232,37,78,OK,11.1002054794521,16.9321232876712,15.2793375394322
148,11.62,20.23,15.34,489,0.857741935483869,290,199,0.593047034764826,0,FALSE,,,,,,,,,,,,,,,,,,,,,,,,,,,,,,,13,121,228,NOT_ELIGIBLE,11.62,20.23,15.34
149,5.08,10.09,14.85,18761,21.8086178861789,11761,7000,0.62688556047119,0,FALSE,,,,,,,,,,,,,,,,,,,,,,,,,,,,,,,206,249,39,NOT_ELIGIBLE,5.08,10.09,14.85
150,2.71,10.61,15.41,7,0.341160714285715,2,5,0.285714285714286,0,FALSE,,,,,,,,,,,,,,,,,,,,,,,,,,,,,,,213,44,229,NOT_ELIGIBLE,2.71,10.61,15.41
151,12.38,18.72,14.87,2450,1.77444444444445,1227,1223,0.500816326530612,0,FALSE,,,,,,,,,,,,,,,,,,,,,,,,,,,,,,,52,215,154,NOT_ELIGIBLE,12.38,18.72,14.87
152,11.84,14.89,14.56,2895,3.51711538461539,2682,213,0.926424870466321,2895,TRUE,10.9911363636364,14.5740909090909,14.7235227272727,1.83287986956421,2.608,0.000263850477323377,5.95659004109243,0.000841247347660059,0.001,3.32643583457906,0.000772352513927696,10,2.63015420651337,6.88948337323628e-05,8,2.32902010328068,6.29820797063012e-05,2,0.30113410323269,5.91275402606159e-06,0,0,0,3,91.8103951324192,8.18960486758083,7.48674927552363,0.7028555920572,0,Small tree allometry,230,119,64,OK,10.9911363636364,14.5740909090909,14.7235227272727
153,13.17,19.9,14.42,3212,1.95864864864865,1507,1705,0.469178082191781,0,FALSE,,,,,,,,,,,,,,,,,,,,,,,,,,,,,,,25,18,204,NOT_ELIGIBLE,13.17,19.9,14.42
154,12.19,15.43,14.51,8745,11.1123369565217,6196,2549,0.708519153802173,8745,TRUE,11.945,15.645,14.7494761904762,7.5536351362961,8.871,0.00448127801309808,19.4362518128879,0.0204549489461697,0.02,10.0621950798552,0.0202207823399563,27,9.3740567330327,0.000234166606213462,26,8.9984604859283,0.000225126003230742,1,0.375596247104405,9.04060298271954e-06,0,0,0,3,98.8552080631944,1.14479193680564,1.10059430518842,0.044197631617225,0,No valid measure,91,209,50,OK,11.945,15.645,14.7494761904762
155,14.07,18.5,14.31,58358,10.4327472527473,36585,21773,0.626906336749032,58358,TRUE,13.7726814628397,18.4538951230034,14.5859637920098,15.2486959184567,9.594,0.0182622922901695,105.686700189559,0.136482880394811,0.136,11.0117512968326,0.117083377815123,185,94.6749488927262,0.0193995025796877,44,32.1350340559385,0.0157238183356545,71,33.4518086684575,0.00258545760542959,70,29.0881061683302,0.00109022663860364,7,85.786127517554,14.213872482446,11.5207257424297,1.89434572156633,0.798801018449999,"",220,12,126,OK,13.7726814628397,18.4538951230034,14.5859637920098
156,13.79,17.64,14.01,2105,2.1522602739726,1782,323,0.846555819477435,0,FALSE,,,,,,,,,,,,,,,,,,,,,,,,,,,,,,,35,200,232,NOT_ELIGIBLE,13.79,17.64,14.01
157,8.6,9.42,13.41,25679,18.1700961538462,13594,12085,0.529381985279801,0,FALSE,,,,,,,,,,,,,,,,,,,,,,,,,,,,,,,219,192,11,NOT_ELIGIBLE,8.6,9.42,13.41
158,15.44,19.44,13.45,253,0.761065573770495,163,90,0.644268774703557,0,FALSE,,,,,,,,,,,,,,,,,,,,,,,,,,,,,,,161,50,242,NOT_ELIGIBLE,15.44,19.44,13.45
159,11.23,10.45,12.35,32977,11.5506993006993,15172,17805,0.460078236346545,32977,TRUE,10.175,10.745,13.0903482587065,8.088560414075,9.99,0.00513845252785874,97.3101415166815,0.0320412370076489,0.032,11.3874607682892,0.0252669741442908,154,85.9226807483923,0.00677426286335812,33,33.45341681118,0.00495134320655096,85,41.8026181677398,0.00156633181154126,36,10.6666457694725,0.000256587845265909,5,78.8576737479238,21.1423262520763,15.4530338681024,4.8884873301469,0.800805053826906,No valid measure,33,205,82,OK,10.175,10.745,13.0903482587065
160,8.01,9.24,13.37,211,2.29311224489796,111,100,0.526066350710901,0,FALSE,,,,,,,,,,,,,,,,,,,,,,,,,,,,,,,235,45,46,NOT_ELIGIBLE,8.01,9.24,13.37
161,6.28,7.3,12.75,1721,5.25851724137931,588,1133,0.341661824520628,0,FALSE,,,,,,,,,,,,,,,,,,,,,,,,,,,,,,,38,98,240,NOT_ELIGIBLE,6.28,7.3,12.75
162,17.78,23.43,11.59,20612,7.86572916666667,18828,1784,0.913448476615564,20612,TRUE,17.5511168463524,23.1816690134925,12.0094301055691,4.95837296905624,5.731,0.0019309377093987,54.2140555630519,0.0108594532283346,0.011,7.24667483844298,0.00719226444945151,73,46.9673807246089,0.00366718877888311,15,16.0084578723217,0.00221645962656339,28,18.5605051214556,0.00110514015295617,30,12.3984177308315,0.000345588999363544,5,66.2304473183361,33.7695526816639,20.4104164358863,10.1767568745784,3.18237937119918,No valid measure,152,228,44,OK,17.5511168463524,23.1816690134925,12.0094301055691
163,9.15,9.91,13.12,18181,11.7779245283019,8793,9388,0.483636763654365,18181,TRUE,9.065,9.99,13.3864748201439,8.32254633871396,10.274,0.00544004290837891,48.9491762599672,0.0288935035340421,0.029,11.5720930783212,0.0270970390155452,73,37.377083181646,0.00179646451849685,38,25.0980234900825,0.00144850449484846,31,10.4043605063228,0.000292595608432641,4,1.87469918524071,5.53644152157493e-05,5,93.7824621497345,6.21753785026546,5.01325321500679,1.01266919080238,0.191615444456292,No valid measure,215,52,196,OK,9.065,9.99,13.3864748201439
164,17.09,28.81,12.51,23056,19.9333986928105,12716,10340,0.551526717557252,0,FALSE,,,,,,,,,,,,,,,,,,,,,,,,,,,,,,,59,210,184,NOT_ELIGIBLE,17.09,28.81,12.51
165,16.76,18.02,12.52,1906,1.07,1582,324,0.830010493179433,0,FALSE,,,,,,,,,,,,,,,,,,,,,,,,,,,,,,,225,135,32,NOT_ELIGIBLE,16.76,18.02,12.52
166,18.54,28.95,11.98,12164,18.8221348314607,6790,5374,0.558204537980927,0,FALSE,,,,,,,,,,,,,,,,,,,,,,,,,,,,,,,92,45,237,NOT_ELIGIBLE,18.54,28.95,11.98
167,16.57,26.69,12.21,231,0.869266666666666,83,148,0.359307359307359,0,FALSE,,,,,,,,,,,,,,,,,,,,,,,,,,,,,,,65,207,58,NOT_ELIGIBLE,16.57,26.69,12.21
168,17.32,17.82,12.31,759,0.794907407407408,309,450,0.407114624505929,0,FALSE,,,,,,,,,,,,,,,,,,,,,,,,,,,,,,,233,23,94,NOT_ELIGIBLE,17.32,17.82,12.31
169,31.45,7.945,1.8,5878,19.2088235294118,2348,3530,0.399455597141885,0,FALSE,,,,,,,,,,,,,,,,,,,,,,,,,,,,,,,53,171,240,NOT_ELIGIBLE,31.45,7.945,1.8
170,18.6,27.7,11.33,9519,11.5646511627907,6376,3143,0.669818258220401,0,FALSE,,,,,,,,,,,,,,,,,,,,,,,,,,,,,,,236,254,28,NOT_ELIGIBLE,18.6,27.7,11.33
171,16.88,16.45,12.36,656,0.715889570552147,507,149,0.772865853658537,0,FALSE,,,,,,,,,,,,,,,,,,,,,,,,,,,,,,,207,39,254,NOT_ELIGIBLE,16.88,16.45,12.36
172,19.07,30.15,10.09,18812,19.2155737704918,11152,7660,0.592813098022539,0,FALSE,,,,,,,,,,,,,,,,,,,,,,,,,,,,,,,26,210,117,NOT_ELIGIBLE,19.07,30.15,10.09
173,10.63,8.4,11.97,45354,15.5161290322581,18992,26362,0.418750275609649,45354,TRUE,10.415,9.045,12.2628621908127,21.0004308996343,13.207,0.0346374804170921,217.620803870259,0.303295627835823,0.303,14.4555906425194,0.24947570467043,352,203.16521322774,0.053819923165393,44,63.2347940594004,0.0379904693266834,160,92.3710485941854,0.014113792624531,148,47.5593705741541,0.00171566121417857,6,82.2549624109563,17.7450375890438,12.5258875631561,4.65347711249268,0.565672913395004,"",214,76,41,OK,10.415,9.045,12.2628621908127
174,17.52,16.14,11.88,990,0.833529411764705,913,77,0.922222222222222,0,FALSE,,,,,,,,,,,,,,,,,,,,,,,,,,,,,,,46,61,214,NOT_ELIGIBLE,17.52,16.14,11.88
175,19.37,19.93,11.3,52491,19.3202816901408,29149,23342,0.55531424434665,52491,TRUE,18.6365217391304,19.7769565217391,11.6239350180505,7.84014199279192,17.816,0.00482767180153243,231.318572179906,0.0937336731662895,0.094,19.669305492678,0.0510342673406525,336,211.649266687228,0.042699405825637,34,51.2270746790098,0.0356413484388336,125,86.8306349913339,0.00514687389671545,177,73.5915570168845,0.00191118349008799,7,54.446033764317,45.553966235683,38.0240603348634,5.49095508887672,2.03895081194292,"",102,227,25,OK,18.6365217391304,19.7769565217391,11.6239350180505
176,9.66,7.36,10.82,2361,4.95128491620112,545,1816,0.230834392206692,0,FALSE,,,,,,,,,,,,,,,,,,,,,,,,,,,,,,,214,42,158,NOT_ELIGIBLE,9.66,7.36,10.82
177,13.61,9.64,11.09,67698,16.4842883548983,43423,24275,0.641422198587846,67698,TRUE,13.5435135135135,9.83123552123552,11.3612355212355,28.6538846383719,15.709,0.0644847317430675,194.254934091588,0.649718045112947,0.65,17.5292974110813,0.600391213635725,319,176.725636680506,0.0493268314772221,56,67.9262099314294,0.0353625535125475,152,73.9588549250908,0.0125734423292828,111,34.8405718239862,0.0013908356353918,7,92.4079634468753,7.59203655312468,5.44275378812975,1.93521519432279,0.214067570672139,"",41,246,254,OK,13.5435135135135,9.83123552123552,11.3612355212355
178,10.72,7.26,10.92,5403,5.88367924528302,2010,3393,0.372015546918379,0,FALSE,,,,,,,,,,,,,,,,,,,,,,,,,,,,,,,209,170,57,NOT_ELIGIBLE,10.72,7.26,10.92
179,15.69,13.2,11.41,981,0.760566037735849,979,2,0.99796126401631,0,FALSE,,,,,,,,,,,,,,,,,,,,,,,,,,,,,,,141,55,246,NOT_ELIGIBLE,15.69,13.2,11.41
180,20.26,26.53,10.4,32162,15.3011111111111,21342,10820,0.663578135688079,0,FALSE,,,,,,,,,,,,,,,,,,,,,,,,,,,,,,,38,209,65,NOT_ELIGIBLE,20.26,26.53,10.4
181,18.22,24.1,11.14,174,0.661718749999999,136,38,0.781609195402299,0,FALSE,,,,,,,,,,,,,,,,,,,,,,,,,,,,,,,254,54,81,NOT_ELIGIBLE,18.22,24.1,11.14
182,18.83,2.25,4.7,125,4.12377952755906,16,109,0.128,0,FALSE,,,,,,,,,,,,,,,,,,,,,,,,,,,,,,,31,104,204,NOT_ELIGIBLE,18.83,2.25,4.7
183,20.34,16.02,10.31,58372,15.0828571428571,34196,24176,0.585828822037963,58372,TRUE,19.9527611940299,15.5917164179104,10.6867931034483,11.2421530021166,13.443,0.00992633355173452,112.244395930924,0.0710064894882759,0.071,14.7774565892059,0.0583987690092846,164,97.4669393417184,0.0126077204789914,55,47.9036869610257,0.0103778142993887,66,35.4034724292812,0.00183269021923079,43,14.1597799514115,0.000397215960371865,5,82.2442701084764,17.7557298915236,14.6153040013367,2.58101792165544,0.559407968531454,No valid measure,183,229,64,OK,19.9527611940299,15.5917164179104,10.6867931034483
184,21.34,28.68,10.42,4715,13.5265938864629,3150,1565,0.668080593849417,0,FALSE,,,,,,,,,,,,,,,,,,,,,,,,,,,,,,,252,16,254,NOT_ELIGIBLE,21.34,28.68,10.42
185,14.36,8.91,10.32,3970,4.4826582278481,3139,831,0.790680100755668,3970,TRUE,13.766511627907,9.12697674418605,10.8327906976744,2.60455639292367,2.711,0.000532791651969196,19.5319752667,0.00230734914977876,0.002,3.95114406983485,0.00155072093065263,35,15.5808311968651,0.000756628219126129,10,7.17397369457431,0.000485277592915748,16,6.14329344316947,0.000214173247631741,9,2.26356405912133,5.71773785786404e-05,4,67.2079009282718,32.7920990717282,21.0318231621893,9.28222101333374,2.47805489620515,Small tree allometry,67,226,178,OK,13.766511627907,9.12697674418605,10.8327906976744
186,13.57,7.71,10.19,39897,16.7719387755102,19325,20572,0.484372258565807,39897,TRUE,13.4228571428571,8.61964285714286,10.6455952380952,12.6681753331949,15.324,0.01260427913476,289.62067055806,0.139329222031479,0.139,16.5035172008127,0.08124315438368,408,273.117153357247,0.0580860676477989,39,57.5120312781165,0.0345998041351288,100,81.8889924395555,0.0156664493191553,269,133.716129639576,0.00781981419351474,8,58.3102045637811,41.689795436219,24.833128062189,11.2441949296292,5.61247244440078,No valid measure,222,102,20,OK,13.4228571428571,8.61964285714286,10.6455952380952
187,19.45,22.36,10.45,553,0.846603773584908,40,513,0.0723327305605787,0,FALSE,,,,,,,,,,,,,,,,,,,,,,,,,,,,,,,53,31,220,NOT_ELIGIBLE,19.45,22.36,10.45
188,19.4,27.74,10.13,467,2.68333333333333,334,133,0.715203426124197,0,FALSE,,,,,,,,,,,,,,,,,,,,,,,,,,,,,,,91,254,57,NOT_ELIGIBLE,19.4,27.74,10.13
189,12.205,7.28,10.36,212,1.6381954887218,41,171,0.193396226415094,0,FALSE,,,,,,,,,,,,,,,,,,,,,,,,,,,,,,,251,29,133,NOT_ELIGIBLE,12.205,7.28,10.36
190,13.08,7.96,10.23,101,1.16153846153846,10,91,0.099009900990099,0,FALSE,,,,,,,,,,,,,,,,,,,,,,,,,,,,,,,29,162,205,NOT_ELIGIBLE,13.08,7.96,10.23
191,13.45,11.89,11.9,394,0.666969696969698,243,151,0.616751269035533,0,FALSE,,,,,,,,,,,,,,,,,,,,,,,,,,,,,,,209,199,11,NOT_ELIGIBLE,13.45,11.89,11.9
192,15.54,7.13,9.73,36636,20.334964028777,20027,16609,0.546648105688394,36636,TRUE,13.2658053691275,7.61184563758389,10.0949137931034,17.3444506871681,16.835,0.0236271305649857,336.86169503024,0.285436371003243,0.285,18.3841461277683,0.164888808355683,491,318.477548902472,0.120547562647559,48,75.9991879953436,0.0772367256638503,148,115.650281630269,0.0349402821690766,295,126.82807927686,0.00837055481463217,6,57.7672732371623,42.2327267628377,27.0591744816476,12.24100560355,2.93254667764014,No valid measure,174,62,232,OK,13.2658053691275,7.61184563758389,10.0949137931034
193,9.81,4.58,8.6,1606,7.65529243937233,576,1030,0.35865504358655,0,FALSE,,,,,,,,,,,,,,,,,,,,,,,,,,,,,,,19,236,98,NOT_ELIGIBLE,9.81,4.58,8.6
194,19.39,28.015,9.85,174,0.796666666666667,11,163,0.0632183908045977,0,FALSE,,,,,,,,,,,,,,,,,,,,,,,,,,,,,,,244,40,24,NOT_ELIGIBLE,19.39,28.015,9.85
195,21.62,15.69,9.32,47191,18.5470192307692,25534,21657,0.541077747875654,47191,TRUE,21.4375,15.45,9.73282258064516,10.1286354071668,17.547,0.00805734126272775,113.362452654422,0.0811445612671889,0.081,18.4343586300315,0.0764427494089574,152,94.9280940243909,0.00470181185823143,29,38.5664414183354,0.0033811154025788,69,39.5302619530614,0.000982497435860176,54,16.8313906529941,0.000338199019792453,6,94.2056352455348,5.79436475446522,4.16678006483469,1.21079887612561,0.416785813504922,"",22,67,229,OK,21.4375,15.45,9.73282258064516
196,21.54,21.3,9.4,22649,20.1925899280576,16775,5874,0.740650801359884,22649,TRUE,20.9921348314607,21.1416853932584,9.69370786516854,12.0740295534195,18.536,0.0114497064012546,180.641099484144,0.116642941892818,0.117,19.5580670908006,0.104225904307159,234,161.083032393343,0.0124170375856584,37,62.1658333114579,0.00911842391146649,102,67.4073606776755,0.00263236015612508,95,31.5098384042097,0.000666253518066804,6,89.3546601413155,10.6453398586845,7.81738162935339,2.25676763069294,0.571190598638208,"",136,245,22,OK,20.9921348314607,21.1416853932584,9.69370786516854
197,12.27,6.87,9.6,85,1.55869074492099,20,65,0.235294117647059,0,FALSE,,,,,,,,,,,,,,,,,,,,,,,,,,,,,,,254,30,210,NOT_ELIGIBLE,12.27,6.87,9.6
198,20.78,19.88,9.98,214,1.11772727272728,97,117,0.453271028037383,0,FALSE,,,,,,,,,,,,,,,,,,,,,,,,,,,,,,,14,251,229,NOT_ELIGIBLE,20.78,19.88,9.98
199,12.275,5.775,9.97,90,2.30794444444445,17,73,0.188888888888889,0,FALSE,,,,,,,,,,,,,,,,,,,,,,,,,,,,,,,218,146,31,NOT_ELIGIBLE,12.275,5.775,9.97
200,22.39,28.47,8.92,4998,9.44163636363636,2110,2888,0.422168867547019,0,FALSE,,,,,,,,,,,,,,,,,,,,,,,,,,,,,,,87,28,209,NOT_ELIGIBLE,22.39,28.47,8.92
201,13.02,6.42,9.11,59,0.807328767123286,5,54,0.0847457627118644,0,FALSE,,,,,,,,,,,,,,,,,,,,,,,,,,,,,,,35,207,40,NOT_ELIGIBLE,13.02,6.42,9.11
202,21.5,23.37,8.93,848,2.29254545454546,192,656,0.226415094339623,0,FALSE,,,,,,,,,,,,,,,,,,,,,,,,,,,,,,,214,47,90,NOT_ELIGIBLE,21.5,23.37,8.93
203,21.19,24.75,8.17,115,0.698888888888888,37,78,0.321739130434783,0,FALSE,,,,,,,,,,,,,,,,,,,,,,,,,,,,,,,25,141,234,NOT_ELIGIBLE,21.19,24.75,8.17
204,24.88,13.37,7.85,20228,19.9150230414747,14188,6040,0.70140399446312,20228,TRUE,23.8877358490566,14.4343396226415,8.18829268292683,15.1119468454949,17.542,0.0179362114855272,195.951326575929,0.204562375913748,0.205,17.5478551823636,0.181498255563624,263,178.403471393565,0.0230641203501241,20,29.9936106598928,0.0137976810059503,52,60.1992135924944,0.00634534774878079,191,88.2106471411777,0.00292109159539299,6,88.7251405606235,11.2748594393765,6.74497494679469,3.10191339948859,1.42797109309321,"",178,204,34,OK,23.8877358490566,14.4343396226415,8.18829268292683
205,23.21,33.94,8.73,20847,22.4409579265227,8362,12485,0.401112869957308,0,FALSE,,,,,,,,,,,,,,,,,,,,,,,,,,,,,,,201,27,229,NOT_ELIGIBLE,23.21,33.94,8.73
206,19.81,8.42,8.05,646,1.97474495848161,210,436,0.325077399380805,0,FALSE,,,,,,,,,,,,,,,,,,,,,,,,,,,,,,,53,237,159,NOT_ELIGIBLE,19.81,8.42,8.05
207,18.1,7.53,8.35,322,1.66066666666667,50,272,0.15527950310559,0,FALSE,,,,,,,,,,,,,,,,,,,,,,,,,,,,,,,214,91,43,NOT_ELIGIBLE,18.1,7.53,8.35
208,12.8,2.01,7.05,4810,13.2296089293654,1681,3129,0.34948024948025,0,FALSE,,,,,,,,,,,,,,,,,,,,,,,,,,,,,,,59,61,238,NOT_ELIGIBLE,12.8,2.01,7.05
209,23.18,33.95,8.25,3,0.789695817490493,1,2,0.333333333333333,0,FALSE,,,,,,,,,,,,,,,,,,,,,,,,,,,,,,,79,232,12,NOT_ELIGIBLE,23.18,33.95,8.25
210,24.07,25.78,7.48,61612,22.9750381679389,34992,26620,0.567941310134389,61612,TRUE,22.8516869631053,25.7629971373795,7.976213637762,26.326590965815,21.154,0.0544351135453853,748.06723384355,0.784501954874311,0.785,22.0706923709543,0.510390190590315,1095,725.996541472596,0.274111764283996,53,127.195973014186,0.208588410275841,277,263.325649083423,0.0541179012342443,765,335.474919374987,0.011405452773911,8,65.0591355979587,34.9408644020413,26.5886412366251,6.89837684890343,1.45384631651279,"",242,38,159,OK,22.8516869631053,25.7629971373795,7.976213637762
211,24.67,31.07,7.52,9805,17.8473451327434,3835,5970,0.391126976032636,0,FALSE,,,,,,,,,,,,,,,,,,,,,,,,,,,,,,,51,204,224,NOT_ELIGIBLE,24.67,31.07,7.52
212,20.83,8.62,7.4,616,1.82223404255319,260,356,0.422077922077922,0,FALSE,,,,,,,,,,,,,,,,,,,,,,,,,,,,,,,247,214,63,NOT_ELIGIBLE,20.83,8.62,7.4
213,20.89,7.42,7.43,106705,22.3477680448493,67975,38730,0.637036689939553,106705,TRUE,20.5233333333333,7.96333333333335,7.7543137254902,30.50215547463,20.406,0.0730719912404248,886.55415329864,0.773889739178249,0.774,18.8058237542765,0.542699919516137,1237,867.748329544364,0.231189819662112,40,102.276768435043,0.147148216966348,177,189.414798424698,0.0572618753958361,1020,576.056762684622,0.0267797272999275,10,70.1262585665499,29.8737414334501,19.0141062113831,7.39922917916437,3.46040604290263,"",126,24,217,OK,20.5233333333333,7.96333333333335,7.7543137254902
214,18.26,8.44,8.25,305,1.07061538461538,18,287,0.059016393442623,0,FALSE,,,,,,,,,,,,,,,,,,,,,,,,,,,,,,,39,249,89,NOT_ELIGIBLE,18.26,8.44,8.25
215,25.18,20.55,7.25,51488,17.153829787234,25966,25522,0.504311684275948,51488,TRUE,24.90125,19.76875,7.55543103448276,11.0515531273171,14.375,0.00959260392366441,164.875324280045,0.118522803958709,0.119,14.9647530142621,0.0926507184628339,247,149.910571265783,0.0258720854958752,27,40.2539887304252,0.0191375047750886,100,64.3341153893206,0.00517089308888069,120,45.3224671460375,0.00156368763190592,6,78.1712171567519,21.828782843248,16.1466858156306,4.36278329247267,1.31931373514473,"",239,16,28,OK,24.90125,19.76875,7.55543103448276
216,24.92,19.02,7.34,3107,3.75666666666667,2276,831,0.732539427100097,3107,TRUE,24.6605405405405,17.952972972973,7.71567567567568,2.40852314037973,3.094,0.000455608195781514,11.3810744754032,0.0017134352414033,0.002,4.38108704044223,0.0014006702613079,16,6.99998743496096,0.000312764980095403,10,5.05236096319507,0.000249847093097524,5,1.79818133733338,5.99835387762545e-05,1,0.14944513443252,2.93434822162406e-06,4,81.7463203430293,18.2536796569708,14.5816478534024,3.50077652932643,0.171255274241986,Small tree allometry,35,110,251,OK,24.6605405405405,17.952972972973,7.71567567567568
217,23.44,21.63,7.68,626,1.14446280991736,110,516,0.175718849840256,0,FALSE,,,,,,,,,,,,,,,,,,,,,,,,,,,,,,,152,223,28,NOT_ELIGIBLE,23.44,21.63,7.68
218,20.14,8.63,7.82,69,0.794597156398105,2,67,0.0289855072463768,0,FALSE,,,,,,,,,,,,,,,,,,,,,,,,,,,,,,,235,42,222,NOT_ELIGIBLE,20.14,8.63,7.82
219,18.605,7.67,7.72,204,1.00519475357711,46,158,0.225490196078431,0,FALSE,,,,,,,,,,,,,,,,,,,,,,,,,,,,,,,18,206,164,NOT_ELIGIBLE,18.605,7.67,7.72
220,19.16,6.61,7.31,237,1.83691358024691,8,229,0.0337552742616034,0,FALSE,,,,,,,,,,,,,,,,,,,,,,,,,,,,,,,237,139,46,NOT_ELIGIBLE,19.16,6.61,7.31
221,24.005,32.965,7.56,40,2.28097591888467,4,36,0.1,0,FALSE,,,,,,,,,,,,,,,,,,,,,,,,,,,,,,,88,60,204,NOT_ELIGIBLE,24.005,32.965,7.56
222,24.94,30.8,6.69,6236,11.4794509803922,1773,4463,0.284316869788326,0,FALSE,,,,,,,,,,,,,,,,,,,,,,,,,,,,,,,72,233,55,NOT_ELIGIBLE,24.94,30.8,6.69
223,16.39,26.19,12.29,407,0.753376623376623,80,327,0.196560196560197,0,FALSE,,,,,,,,,,,,,,,,,,,,,,,,,,,,,,,218,47,114,NOT_ELIGIBLE,16.39,26.19,12.29
224,24.58,10.28,6.12,1055,4.04081395348837,672,383,0.63696682464455,1055,TRUE,24.3297222222222,10.3266666666667,6.70444444444444,2.22825546930161,3.206,0.000389959804264899,4.02368659219931,0.0011609222016182,0.001,3.66310458438817,0.00115251615890793,1,0.360582007811136,8.40604271026581e-06,1,0.360582007811136,8.40604271026581e-06,0,0,0,0,0,0,2,99.2759167928265,0.724083207173463,0.724083207173463,0,0,Small tree allometry,63,180,235,OK,24.3297222222222,10.3266666666667,6.70444444444444
225,21.41,6.8,7.16,3063,5.69565096952909,875,2188,0.285667646098596,3063,TRUE,21.2632524919232,6.83016376419843,7.36707875876427,3.77970439602611,3.893,0.0011220328005372,27.4357640841873,0.00532230454540973,0.005,5.76975733658738,0.00380912034795608,36,21.6660067475999,0.00151318419745365,17,13.44564396955,0.00120125390280478,15,7.01154133103823,0.000286054649731037,4,1.20882144701171,2.5875644917835e-05,4,71.5690039052968,28.4309960947032,22.5701835089616,5.37463888603946,0.486173699702167,Small tree allometry,245,251,44,OK,21.2632524919232,6.83016376419843,7.36707875876427
226,16.29,1.28,6.42,13818,19.1301709401709,6579,7239,0.476118106817195,0,FALSE,,,,,,,,,,,,,,,,,,,,,,,,,,,,,,,178,23,233,NOT_ELIGIBLE,16.29,1.28,6.42
227,25.47,24.53,6.42,1694,4.58020733652313,414,1280,0.244391971664699,1694,TRUE,25.0528501140095,24.4402551640108,6.94857673424666,2.51410453502589,1.931,0.000496428314622639,12.6263593653308,0.00193148072221162,0.002,4.03631100235954,0.00152867034381364,18,8.59004836297121,0.00040281037839799,10,6.62380982003865,0.000356504702129422,7,1.79083142396791,4.28615656954898e-05,1,0.175407118964651,3.44411057307811e-06,4,79.1449961800936,20.8550038199064,18.457585314194,2.21910398600363,0.178314519708717,Small tree allometry,53,245,138,OK,25.0528501140095,24.4402551640108,6.94857673424666
228,25.68,23.38,5.96,44975,15.3505217391304,23364,21611,0.519488604780434,44975,TRUE,25.4316632464405,23.4143763747347,6.68767204414454,11.2978220377621,12.252,0.0100248836383332,173.873329754556,0.0697774143374681,0.07,14.2381084663855,0.0582380885124272,281,159.635221288171,0.0115393258250409,49,56.3462078745182,0.00721106862854396,128,66.3286515407158,0.00314735600995932,104,36.9603618729368,0.00118090118653762,5,83.4626634784249,16.5373365215751,10.3343878488657,4.51056554594815,1.69238312676128,No valid measure,219,66,38,OK,25.4316632464405,23.4143763747347,6.68767204414454
229,27.08,17.08,6.37,28938,25.2429423076923,14880,14058,0.514202778353722,28938,TRUE,26.4287755102041,17.5865306122449,6.75632911392405,15.6609577217261,19.904,0.0192631149241212,322.286393427882,0.207908830168485,0.208,23.785330939981,0.187730662007763,465,298.501062487901,0.0201781681607219,30,43.5193010663809,0.0120308622836462,83,65.2464580648672,0.00351085226556272,352,189.735303356653,0.0046364536115129,8,90.294703623521,9.70529637647901,5.7866047699353,1.68864990617166,2.23004170037204,"",44,73,249,OK,26.4287755102041,17.5865306122449,6.75632911392405
230,21.635,7.765,7.1,16,1.02994397759104,2,14,0.125,0,FALSE,,,,,,,,,,,,,,,,,,,,,,,,,,,,,,,121,248,25,NOT_ELIGIBLE,21.635,7.765,7.1
231,15.16,1.26,6.39,3461,11.467372085657,1628,1833,0.470384281999422,0,FALSE,,,,,,,,,,,,,,,,,,,,,,,,,,,,,,,247,39,189,NOT_ELIGIBLE,15.16,1.26,6.39
232,26.14,19.1,6.84,493,2.55197718631179,73,420,0.148073022312373,0,FALSE,,,,,,,,,,,,,,,,,,,,,,,,,,,,,,,57,208,205,NOT_ELIGIBLE,26.14,19.1,6.84
233,20.37,0.86,3.57,539,7.26007673667205,215,324,0.398886827458256,0,FALSE,,,,,,,,,,,,,,,,,,,,,,,,,,,,,,,236,171,23,NOT_ELIGIBLE,20.37,0.86,3.57
234,25.285,30.975,6.44,128,1.90067415730337,23,105,0.1796875,0,FALSE,,,,,,,,,,,,,,,,,,,,,,,,,,,,,,,114,36,230,NOT_ELIGIBLE,25.285,30.975,6.44
235,25.18,30.35,6.47,78,2.17503448275862,8,70,0.102564102564103,0,FALSE,,,,,,,,,,,,,,,,,,,,,,,,,,,,,,,51,207,68,NOT_ELIGIBLE,25.18,30.35,6.47
236,25.17,27.74,6.18,243,3.66278637770898,17,226,0.0699588477366255,0,FALSE,,,,,,,,,,,,,,,,,,,,,,,,,,,,,,,215,24,59,NOT_ELIGIBLE,25.17,27.74,6.18
237,27.79,20.63,5.92,5879,15.8890540540541,2407,3472,0.409423371321653,5879,TRUE,26.4901960784314,20.6798039215686,6.26235294117647,12.1191635832596,12.208,0.0115354668777867,72.9841483052847,0.0734628790355243,0.073,14.620086786227,0.0681423684095515,114,58.3640615190577,0.00532051062597277,29,26.9552543221825,0.00383293592961982,41,20.2035733340508,0.00120458746311264,44,11.2052338628245,0.000282987233240307,5,92.757552255201,7.24244774479903,5.21751390626323,1.63972264486142,0.385211193674377,No valid measure,52,138,234,OK,26.4901960784314,20.6798039215686,6.26235294117647
238,25.6,25.56,6.29,166,1.70945727482679,25,141,0.150602409638554,0,FALSE,,,,,,,,,,,,,,,,,,,,,,,,,,,,,,,180,222,40,NOT_ELIGIBLE,25.6,25.56,6.29
239,26.31,16.97,6.35,217,1.48127320954907,26,191,0.119815668202765,0,FALSE,,,,,,,,,,,,,,,,,,,,,,,,,,,,,,,239,13,252,NOT_ELIGIBLE,26.31,16.97,6.35
240,25.68,30.59,5.63,25,1.532,3,22,0.12,0,FALSE,,,,,,,,,,,,,,,,,,,,,,,,,,,,,,,40,207,149,NOT_ELIGIBLE,25.68,30.59,5.63
241,24.95,27.22,6.26,3,0.584905290659699,1,2,0.333333333333333,0,FALSE,,,,,,,,,,,,,,,,,,,,,,,,,,,,,,,204,105,49,NOT_ELIGIBLE,24.95,27.22,6.26
242,25.315,25.795,6.32,2,0.7,2,0,1,0,FALSE,,,,,,,,,,,,,,,,,,,,,,,,,,,,,,,65,54,219,NOT_ELIGIBLE,25.315,25.795,6.32
243,21.27,4.99,5.61,768,6.15762085708254,292,476,0.380208333333333,0,FALSE,,,,,,,,,,,,,,,,,,,,,,,,,,,,,,,70,215,27,NOT_ELIGIBLE,21.27,4.99,5.61
244,26.27,32.23,6.15,95,3.14005697675899,8,87,0.0842105263157895,0,FALSE,,,,,,,,,,,,,,,,,,,,,,,,,,,,,,,239,13,130,NOT_ELIGIBLE,26.27,32.23,6.15
245,25.4,24.215,6.07,4,0.400231884057969,1,3,0.25,0,FALSE,,,,,,,,,,,,,,,,,,,,,,,,,,,,,,,45,209,248,NOT_ELIGIBLE,25.4,24.215,6.07
246,25.85,31.29,5.75,21,2.82,1,20,0.0476190476190476,0,FALSE,,,,,,,,,,,,,,,,,,,,,,,,,,,,,,,206,187,22,NOT_ELIGIBLE,25.85,31.29,5.75
247,28.04,26.58,5.14,12941,19.1106666666667,5638,7303,0.435669577312418,0,FALSE,,,,,,,,,,,,,,,,,,,,,,,,,,,,,,,161,38,240,NOT_ELIGIBLE,28.04,26.58,5.14
248,23,4.11,5.01,5267,10.1622610415293,1773,3494,0.33662426428707,0,FALSE,,,,,,,,,,,,,,,,,,,,,,,,,,,,,,,12,213,76,NOT_ELIGIBLE,23,4.11,5.01
249,18.28,2.65,5.63,3,0.806357430964939,2,1,0.666666666666667,0,FALSE,,,,,,,,,,,,,,,,,,,,,,,,,,,,,,,244,30,25,NOT_ELIGIBLE,18.28,2.65,5.63
250,18.16,2.91,5.36,17,0.641680327868853,9,8,0.529411764705882,0,FALSE,,,,,,,,,,,,,,,,,,,,,,,,,,,,,,,35,82,211,NOT_ELIGIBLE,18.16,2.91,5.36
251,21.34,5.04,5.36,1,0.252354570637119,1,0,1,0,FALSE,,,,,,,,,,,,,,,,,,,,,,,,,,,,,,,149,238,36,NOT_ELIGIBLE,21.34,5.04,5.36
252,28,21.55,4.75,125,2.2673051948052,20,105,0.16,0,FALSE,,,,,,,,,,,,,,,,,,,,,,,,,,,,,,,231,54,204,NOT_ELIGIBLE,28,21.55,4.75
253,29.34,18.68,4.5,765,10.5598525073746,490,275,0.640522875816993,765,TRUE,28.2918181818182,18.5881818181818,4.94545454545455,7.37079375039484,8.755,0.00426695830611828,19.982622475581,0.0208463344455505,0.021,10.5005181841962,0.0200655408906497,12,9.48210429138477,0.000780793554900788,7,8.08999520468212,0.000753459558124084,5,1.39210908670265,2.7333996776704e-05,0,0,0,3,96.2545283107677,3.74547168923236,3.61435033143155,0.131121357800811,0,No valid measure,55,240,214,OK,28.2918181818182,18.5881818181818,4.94545454545455
254,25,6.79,4.93,15,0.635825358851674,8,7,0.533333333333333,0,FALSE,,,,,,,,,,,,,,,,,,,,,,,,,,,,,,,217,150,62,NOT_ELIGIBLE,25,6.79,4.93
255,28.3,23.21,3.76,12663,19.6179166666667,5630,7033,0.444602384900892,0,FALSE,,,,,,,,,,,,,,,,,,,,,,,,,,,,,,,90,37,230,NOT_ELIGIBLE,28.3,23.21,3.76
256,29.03,13.42,3.58,99745,20.2700572840616,34411,65334,0.344989723795679,0,FALSE,,,,,,,,,,,,,,,,,,,,,,,,,,,,,,,61,246,58,NOT_ELIGIBLE,29.03,13.42,3.58
257,27.89,9.34,4.01,61850,20.6262857142857,23880,37970,0.386095392077607,0,FALSE,,,,,,,,,,,,,,,,,,,,,,,,,,,,,,,213,64,110,NOT_ELIGIBLE,27.89,9.34,4.01
258,21.46,4.12,4.82,11,0.554877402253148,3,8,0.272727272727273,0,FALSE,,,,,,,,,,,,,,,,,,,,,,,,,,,,,,,38,164,248,NOT_ELIGIBLE,21.46,4.12,4.82
259,22.56,2.72,4.61,452,5.69312737281701,132,320,0.292035398230089,0,FALSE,,,,,,,,,,,,,,,,,,,,,,,,,,,,,,,191,210,36,NOT_ELIGIBLE,22.56,2.72,4.61
260,29.96,22.24,3.26,38856,23.2117338003503,13548,25308,0.348672019765287,0,FALSE,,,,,,,,,,,,,,,,,,,,,,,,,,,,,,,207,22,248,NOT_ELIGIBLE,29.96,22.24,3.26
261,28.71,7.01,3.5,18778,13.2623529411765,6404,12374,0.341037384172968,0,FALSE,,,,,,,,,,,,,,,,,,,,,,,,,,,,,,,67,230,153,NOT_ELIGIBLE,28.71,7.01,3.5
262,29.61,17.25,3.7,19,0.487635807192044,1,18,0.0526315789473684,0,FALSE,,,,,,,,,,,,,,,,,,,,,,,,,,,,,,,219,76,33,NOT_ELIGIBLE,29.61,17.25,3.7
263,30.67,17.41,3.52,126,4.37904958677686,45,81,0.357142857142857,0,FALSE,,,,,,,,,,,,,,,,,,,,,,,,,,,,,,,52,62,221,NOT_ELIGIBLE,30.67,17.41,3.52
264,30.63,24.38,2.41,3243,15.0327972027972,1383,1860,0.426456984273821,0,FALSE,,,,,,,,,,,,,,,,,,,,,,,,,,,,,,,123,233,63,NOT_ELIGIBLE,30.63,24.38,2.41
265,29.39,6.985,3.53,240,3.35440703329592,17,223,0.0708333333333333,0,FALSE,,,,,,,,,,,,,,,,,,,,,,,,,,,,,,,213,59,158,NOT_ELIGIBLE,29.39,6.985,3.53
266,18.755,0.88,3.68,26,1.13957497048406,2,24,0.0769230769230769,0,FALSE,,,,,,,,,,,,,,,,,,,,,,,,,,,,,,,26,213,226,NOT_ELIGIBLE,18.755,0.88,3.68
267,24.36,2.2,3.66,1213,8.53264073054791,430,783,0.354492992580379,0,FALSE,,,,,,,,,,,,,,,,,,,,,,,,,,,,,,,238,200,70,NOT_ELIGIBLE,24.36,2.2,3.66
268,29.7,16.68,3.46,42,0.671327205289469,1,41,0.0238095238095238,0,FALSE,,,,,,,,,,,,,,,,,,,,,,,,,,,,,,,142,65,225,NOT_ELIGIBLE,29.7,16.68,3.46
269,20.84,0.89,3.43,1,0.312945804195804,1,0,1,0,FALSE,,,,,,,,,,,,,,,,,,,,,,,,,,,,,,,26,233,65,NOT_ELIGIBLE,20.84,0.89,3.43
270,30.57,25.785,1.88,142,3.01323275862069,21,121,0.147887323943662,0,FALSE,,,,,,,,,,,,,,,,,,,,,,,,,,,,,,,214,45,62,NOT_ELIGIBLE,30.57,25.785,1.88
271,30.105,21.475,2.98,12,0.779863013698632,5,7,0.416666666666667,0,FALSE,,,,,,,,,,,,,,,,,,,,,,,,,,,,,,,28,116,251,NOT_ELIGIBLE,30.105,21.475,2.98
272,23.06,1.01,2.83,12,0.686062176165804,6,6,0.5,0,FALSE,,,,,,,,,,,,,,,,,,,,,,,,,,,,,,,179,238,49,NOT_ELIGIBLE,23.06,1.01,2.83
273,30.98,20.56,2.08,1732,9.9089898989899,640,1092,0.369515011547344,0,FALSE,,,,,,,,,,,,,,,,,,,,,,,,,,,,,,,211,21,207,NOT_ELIGIBLE,30.98,20.56,2.08
274,31.24,17.07,2.75,73,3.39666666666667,8,65,0.10958904109589,0,FALSE,,,,,,,,,,,,,,,,,,,,,,,,,,,,,,,66,223,181,NOT_ELIGIBLE,31.24,17.07,2.75
275,28.33,4.11,2.09,2735,8.28396722046455,636,2099,0.23254113345521,0,FALSE,,,,,,,,,,,,,,,,,,,,,,,,,,,,,,,219,118,38,NOT_ELIGIBLE,28.33,4.11,2.09
276,29.14,14.21,4.89,65,2.01630350194553,16,49,0.246153846153846,0,FALSE,,,,,,,,,,,,,,,,,,,,,,,,,,,,,,,56,23,245,NOT_ELIGIBLE,29.14,14.21,4.89
277,33.1,19.93,1.5,1779,8.18490099009901,560,1219,0.314783586284429,0,FALSE,,,,,,,,,,,,,,,,,,,,,,,,,,,,,,,65,228,37,NOT_ELIGIBLE,33.1,19.93,1.5
278,31.77,17.23,2.59,33,1.82894117647059,7,26,0.212121212121212,0,FALSE,,,,,,,,,,,,,,,,,,,,,,,,,,,,,,,227,53,129,NOT_ELIGIBLE,31.77,17.23,2.59
279,31.135,17.165,2.55,4,0.623249185667753,2,2,0.5,0,FALSE,,,,,,,,,,,,,,,,,,,,,,,,,,,,,,,44,164,208,NOT_ELIGIBLE,31.135,17.165,2.55
280,28.92,4.29,2.25,144,3.2700234241908,32,112,0.222222222222222,0,FALSE,,,,,,,,,,,,,,,,,,,,,,,,,,,,,,,223,219,46,NOT_ELIGIBLE,28.92,4.29,2.25
281,31.07,17.085,2.38,2,0.408850889192887,2,0,1,0,FALSE,,,,,,,,,,,,,,,,,,,,,,,,,,,,,,,167,43,224,NOT_ELIGIBLE,31.07,17.085,2.38
282,29.38,4.95,2.15,437,4.19901618398637,43,394,0.0983981693363844,0,FALSE,,,,,,,,,,,,,,,,,,,,,,,,,,,,,,,16,224,98,NOT_ELIGIBLE,29.38,4.95,2.15
283,29.24,4.41,1.9,3,0.828533083617327,1,2,0.333333333333333,0,FALSE,,,,,,,,,,,,,,,,,,,,,,,,,,,,,,,216,43,22,NOT_ELIGIBLE,29.24,4.41,1.9
284,32.92,14.585,1.49,130,1.79219991494622,47,83,0.361538461538462,0,FALSE,,,,,,,,,,,,,,,,,,,,,,,,,,,,,,,28,69,244,NOT_ELIGIBLE,32.92,14.585,1.49
285,29.38,4.36,1.74,1,0.563962340464753,1,0,1,0,FALSE,,,,,,,,,,,,,,,,,,,,,,,,,,,,,,,123,205,47,NOT_ELIGIBLE,29.38,4.36,1.74
286,24.32,1.21,2.73,19,1.91504089331772,10,9,0.526315789473684,0,FALSE,,,,,,,,,,,,,,,,,,,,,,,,,,,,,,,224,42,183,NOT_ELIGIBLE,24.32,1.21,2.73
287,21.35,2.2,4.46,67,2.96238095238095,4,63,0.0597014925373134,0,FALSE,,,,,,,,,,,,,,,,,,,,,,,,,,,,,,,51,224,213,NOT_ELIGIBLE,21.35,2.2,4.46
288,5.125,19.835,19.12,48,1.06060606060606,31,17,0.645833333333333,0,FALSE,,,,,,,,,,,,,,,,,,,,,,,,,,,,,,,227,157,29,NOT_ELIGIBLE,5.125,19.835,19.12
292,1.015,14.33,18.57,66,1.54006410256411,15,51,0.227272727272727,0,FALSE,,,,,,,,,,,,,,,,,,,,,,,,,,,,,,,91,21,219,NOT_ELIGIBLE,1.015,14.33,18.57
293,8.39,23.21,18.66,45,1.05720588235294,36,9,0.8,0,FALSE,,,,,,,,,,,,,,,,,,,,,,,,,,,,,,,33,245,46,NOT_ELIGIBLE,8.39,23.21,18.66
295,25.415,25.955,6,2,0.653581962563811,1,1,0.5,0,FALSE,,,,,,,,,,,,,,,,,,,,,,,,,,,,,,,248,49,95,NOT_ELIGIBLE,25.415,25.955,6
296,6.16,17.38,17.47,4267,3.05666666666667,2184,2083,0.511835012889618,0,FALSE,,,,,,,,,,,,,,,,,,,,,,,,,,,,,,,16,139,252,NOT_ELIGIBLE,6.16,17.38,17.47
297,3.03,13.54,17.43,49,0.8965,19,30,0.387755102040816,0,FALSE,,,,,,,,,,,,,,,,,,,,,,,,,,,,,,,187,218,52,NOT_ELIGIBLE,3.03,13.54,17.43
298,3.05,13.37,17.26,71,1.18371134020619,8,63,0.112676056338028,0,FALSE,,,,,,,,,,,,,,,,,,,,,,,,,,,,,,,217,35,238,NOT_ELIGIBLE,3.05,13.37,17.26
299,2.93,13.32,17.16,15,0.639333333333333,9,6,0.6,0,FALSE,,,,,,,,,,,,,,,,,,,,,,,,,,,,,,,27,240,155,NOT_ELIGIBLE,2.93,13.32,17.16
300,10.455,20.03,16.82,144,1.48954128440367,51,93,0.354166666666667,0,FALSE,,,,,,,,,,,,,,,,,,,,,,,,,,,,,,,214,85,27,NOT_ELIGIBLE,10.455,20.03,16.82
302,3.51,12.9,16.89,49,1.19107744107744,3,46,0.0612244897959184,0,FALSE,,,,,,,,,,,,,,,,,,,,,,,,,,,,,,,66,63,232,NOT_ELIGIBLE,3.51,12.9,16.89
303,3.21,12.92,16.98,82,1.07824120603015,7,75,0.0853658536585366,0,FALSE,,,,,,,,,,,,,,,,,,,,,,,,,,,,,,,89,236,33,NOT_ELIGIBLE,3.21,12.92,16.98
304,10.49,19.51,16.72,287,1.59236111111111,232,55,0.808362369337979,0,FALSE,,,,,,,,,,,,,,,,,,,,,,,,,,,,,,,210,47,139,NOT_ELIGIBLE,10.49,19.51,16.72
305,6.55,15.26,16.84,85,1.3525,68,17,0.8,0,FALSE,,,,,,,,,,,,,,,,,,,,,,,,,,,,,,,50,207,234,NOT_ELIGIBLE,6.55,15.26,16.84
306,5.99,14.79,16.73,155,1.39876543209876,28,127,0.180645161290323,0,FALSE,,,,,,,,,,,,,,,,,,,,,,,,,,,,,,,237,204,13,NOT_ELIGIBLE,5.99,14.79,16.73
308,10.7,19.47,16.64,245,1.58553191489362,63,182,0.257142857142857,0,FALSE,,,,,,,,,,,,,,,,,,,,,,,,,,,,,,,135,35,214,NOT_ELIGIBLE,10.7,19.47,16.64
309,5.1,13.145,16.49,116,1.58743315508021,59,57,0.508620689655172,0,FALSE,,,,,,,,,,,,,,,,,,,,,,,,,,,,,,,43,227,92,NOT_ELIGIBLE,5.1,13.145,16.49
310,2.2,11.13,16.41,41,1.21640449438202,10,31,0.24390243902439,0,FALSE,,,,,,,,,,,,,,,,,,,,,,,,,,,,,,,251,16,21,NOT_ELIGIBLE,2.2,11.13,16.41
311,11.31,20.01,15.83,732,1.81411111111111,315,417,0.430327868852459,0,FALSE,,,,,,,,,,,,,,,,,,,,,,,,,,,,,,,44,103,233,NOT_ELIGIBLE,11.31,20.01,15.83
312,6.39,14.58,16.34,196,1.45909090909091,132,64,0.673469387755102,0,FALSE,,,,,,,,,,,,,,,,,,,,,,,,,,,,,,,178,252,64,NOT_ELIGIBLE,6.39,14.58,16.34
313,3.36,10.38,16.46,86,2.2002752293578,18,68,0.209302325581395,0,FALSE,,,,,,,,,,,,,,,,,,,,,,,,,,,,,,,242,13,219,NOT_ELIGIBLE,3.36,10.38,16.46
314,11.03,19.98,16.29,137,1.16111111111111,10,127,0.072992700729927,0,FALSE,,,,,,,,,,,,,,,,,,,,,,,,,,,,,,,39,241,202,NOT_ELIGIBLE,11.03,19.98,16.29
315,11.085,19.85,15.98,86,1.09917525773196,33,53,0.383720930232558,0,FALSE,,,,,,,,,,,,,,,,,,,,,,,,,,,,,,,232,132,25,NOT_ELIGIBLE,11.085,19.85,15.98
316,2.76,10.175,16.25,56,1.90846786316336,4,52,0.0714285714285714,0,FALSE,,,,,,,,,,,,,,,,,,,,,,,,,,,,,,,71,18,254,NOT_ELIGIBLE,2.76,10.175,16.25
317,11.95,23.74,15.87,63,1.96571428571428,8,55,0.126984126984127,0,FALSE,,,,,,,,,,,,,,,,,,,,,,,,,,,,,,,47,252,33,NOT_ELIGIBLE,11.95,23.74,15.87
318,12.05,19.86,15.8,241,1.34851851851852,100,141,0.4149377593361,0,FALSE,,,,,,,,,,,,,,,,,,,,,,,,,,,,,,,213,42,103,NOT_ELIGIBLE,12.05,19.86,15.8
319,11.87,20.1,15.69,356,0.855504587155965,126,230,0.353932584269663,0,FALSE,,,,,,,,,,,,,,,,,,,,,,,,,,,,,,,46,167,232,NOT_ELIGIBLE,11.87,20.1,15.69
321,12.21,24.44,15.76,91,2.12974683544304,10,81,0.10989010989011,0,FALSE,,,,,,,,,,,,,,,,,,,,,,,,,,,,,,,227,237,62,NOT_ELIGIBLE,12.21,24.44,15.76
322,17.755,17.56,12.08,258,0.684444444444445,110,148,0.426356589147287,0,FALSE,,,,,,,,,,,,,,,,,,,,,,,,,,,,,,,173,53,209,NOT_ELIGIBLE,17.755,17.56,12.08
324,31.09,17.19,2.47,2,0.426579804560261,1,1,0.5,0,FALSE,,,,,,,,,,,,,,,,,,,,,,,,,,,,,,,52,206,125,NOT_ELIGIBLE,31.09,17.19,2.47
325,12.18,23.17,15.24,103,0.872105263157895,37,66,0.359223300970874,0,FALSE,,,,,,,,,,,,,,,,,,,,,,,,,,,,,,,243,84,48,NOT_ELIGIBLE,12.18,23.17,15.24
326,12.77,21,15.49,60,0.976468531468534,44,16,0.733333333333333,0,FALSE,,,,,,,,,,,,,,,,,,,,,,,,,,,,,,,54,76,253,NOT_ELIGIBLE,12.77,21,15.49
327,4.13,10.28,15.26,39,1.23470588235294,1,38,0.0256410256410256,0,FALSE,,,,,,,,,,,,,,,,,,,,,,,,,,,,,,,95,210,19,NOT_ELIGIBLE,4.13,10.28,15.26
328,3.75,10.41,15.09,113,1.40118644067797,18,95,0.15929203539823,0,FALSE,,,,,,,,,,,,,,,,,,,,,,,,,,,,,,,225,56,173,NOT_ELIGIBLE,3.75,10.41,15.09
329,13.16,26.96,14.85,311,0.859999999999999,66,245,0.212218649517685,0,FALSE,,,,,,,,,,,,,,,,,,,,,,,,,,,,,,,17,202,205,NOT_ELIGIBLE,13.16,26.96,14.85
330,4.22,10.59,14.8,21,0.861504424778762,6,15,0.285714285714286,0,FALSE,,,,,,,,,,,,,,,,,,,,,,,,,,,,,,,225,175,45,NOT_ELIGIBLE,4.22,10.59,14.8
331,4.04,10.17,15.18,49,1.40306451612903,8,41,0.163265306122449,0,FALSE,,,,,,,,,,,,,,,,,,,,,,,,,,,,,,,125,56,215,NOT_ELIGIBLE,4.04,10.17,15.18
332,11.22,14.47,14.89,8,0.801607142857144,6,2,0.75,0,FALSE,,,,,,,,,,,,,,,,,,,,,,,,,,,,,,,54,251,82,NOT_ELIGIBLE,11.22,14.47,14.89
333,14.48,23.39,13.83,45,1.51136363636364,5,40,0.111111111111111,0,FALSE,,,,,,,,,,,,,,,,,,,,,,,,,,,,,,,216,45,71,NOT_ELIGIBLE,14.48,23.39,13.83
334,14.81,23.09,14.21,49,1.41837837837838,4,45,0.0816326530612245,0,FALSE,,,,,,,,,,,,,,,,,,,,,,,,,,,,,,,49,140,254,NOT_ELIGIBLE,14.81,23.09,14.21
335,15.1,23.05,13.87,45,1.23925925925926,10,35,0.222222222222222,0,FALSE,,,,,,,,,,,,,,,,,,,,,,,,,,,,,,,175,218,55,NOT_ELIGIBLE,15.1,23.05,13.87
336,14.535,22.62,13.85,36,0.775135135135134,26,10,0.722222222222222,0,FALSE,,,,,,,,,,,,,,,,,,,,,,,,,,,,,,,226,31,231,NOT_ELIGIBLE,14.535,22.62,13.85
337,14.89,23.26,13.62,4,0.734444444444446,1,3,0.25,0,FALSE,,,,,,,,,,,,,,,,,,,,,,,,,,,,,,,18,252,177,NOT_ELIGIBLE,14.89,23.26,13.62
338,15.49,19.68,13.76,198,0.978175182481751,89,109,0.44949494949495,0,FALSE,,,,,,,,,,,,,,,,,,,,,,,,,,,,,,,250,115,29,NOT_ELIGIBLE,15.49,19.68,13.76
341,5.47,7.52,13.6,81,1.70457388105456,66,15,0.814814814814815,0,FALSE,,,,,,,,,,,,,,,,,,,,,,,,,,,,,,,43,20,252,NOT_ELIGIBLE,5.47,7.52,13.6
342,15.6,25.37,13.06,561,1.15195652173913,412,149,0.734402852049911,0,FALSE,,,,,,,,,,,,,,,,,,,,,,,,,,,,,,,53,219,14,NOT_ELIGIBLE,15.6,25.37,13.06
344,15.57,28.265,13.24,134,1.35726315789473,22,112,0.164179104477612,0,FALSE,,,,,,,,,,,,,,,,,,,,,,,,,,,,,,,243,61,150,NOT_ELIGIBLE,15.57,28.265,13.24
347,15.53,28.56,13.18,409,1.17236559139785,8,401,0.019559902200489,0,FALSE,,,,,,,,,,,,,,,,,,,,,,,,,,,,,,,39,175,214,NOT_ELIGIBLE,15.53,28.56,13.18
348,14.91,16.415,13.45,128,0.879428571428571,128,0,1,0,FALSE,,,,,,,,,,,,,,,,,,,,,,,,,,,,,,,209,198,43,NOT_ELIGIBLE,14.91,16.415,13.45
349,11.37,12.01,13.31,471,1.0803125,470,1,0.997876857749469,0,FALSE,,,,,,,,,,,,,,,,,,,,,,,,,,,,,,,149,43,208,NOT_ELIGIBLE,11.37,12.01,13.31
350,15.78,28.77,12.86,475,1.36650205761317,18,457,0.0378947368421053,0,FALSE,,,,,,,,,,,,,,,,,,,,,,,,,,,,,,,67,230,124,NOT_ELIGIBLE,15.78,28.77,12.86
351,16.29,24.89,12.04,2952,0.827058823529415,2421,531,0.820121951219512,0,FALSE,,,,,,,,,,,,,,,,,,,,,,,,,,,,,,,233,28,16,NOT_ELIGIBLE,16.29,24.89,12.04
352,16.21,21.77,12.42,511,1.49314285714286,190,321,0.371819960861057,0,FALSE,,,,,,,,,,,,,,,,,,,,,,,,,,,,,,,47,93,239,NOT_ELIGIBLE,16.21,21.77,12.42
353,16.82,17.45,13.06,117,1.0025,92,25,0.786324786324786,0,FALSE,,,,,,,,,,,,,,,,,,,,,,,,,,,,,,,121,217,13,NOT_ELIGIBLE,16.82,17.45,13.06
354,16.73,18.83,12.79,356,1.01446428571429,147,209,0.412921348314607,0,FALSE,,,,,,,,,,,,,,,,,,,,,,,,,,,,,,,227,53,195,NOT_ELIGIBLE,16.73,18.83,12.79
355,16.85,18.42,12.71,464,1.03829787234043,273,191,0.588362068965517,0,FALSE,,,,,,,,,,,,,,,,,,,,,,,,,,,,,,,40,232,210,NOT_ELIGIBLE,16.85,18.42,12.71
356,17.42,18.15,12.69,1140,1.79652631578947,480,660,0.421052631578947,0,FALSE,,,,,,,,,,,,,,,,,,,,,,,,,,,,,,,233,144,13,NOT_ELIGIBLE,17.42,18.15,12.69
357,17.35,17.94,12.89,281,1.34118181818182,160,121,0.569395017793594,0,FALSE,,,,,,,,,,,,,,,,,,,,,,,,,,,,,,,113,52,251,NOT_ELIGIBLE,17.35,17.94,12.89
359,16.71,17.71,13.01,104,0.91456692913386,27,77,0.259615384615385,0,FALSE,,,,,,,,,,,,,,,,,,,,,,,,,,,,,,,47,213,49,NOT_ELIGIBLE,16.71,17.71,13.01
361,16.44,26.01,12.78,496,1.16916666666667,95,401,0.191532258064516,0,FALSE,,,,,,,,,,,,,,,,,,,,,,,,,,,,,,,206,60,101,NOT_ELIGIBLE,16.44,26.01,12.78
363,16.875,18.315,12.88,26,0.879387755102039,18,8,0.692307692307692,0,FALSE,,,,,,,,,,,,,,,,,,,,,,,,,,,,,,,28,131,209,NOT_ELIGIBLE,16.875,18.315,12.88
364,17.15,17.505,12.77,144,1.06666666666667,72,72,0.5,0,FALSE,,,,,,,,,,,,,,,,,,,,,,,,,,,,,,,179,205,14,NOT_ELIGIBLE,17.15,17.505,12.77
366,11.93,11.22,12.41,317,1.28504504504505,43,274,0.135646687697161,0,FALSE,,,,,,,,,,,,,,,,,,,,,,,,,,,,,,,223,72,251,NOT_ELIGIBLE,11.93,11.22,12.41
367,16.63,26.67,12.84,203,1.31277533039648,54,149,0.266009852216749,0,FALSE,,,,,,,,,,,,,,,,,,,,,,,,,,,,,,,60,242,161,NOT_ELIGIBLE,16.63,26.67,12.84
368,25.265,32.725,7.1,40,2.05410314217275,2,38,0.05,0,FALSE,,,,,,,,,,,,,,,,,,,,,,,,,,,,,,,235,81,27,NOT_ELIGIBLE,25.265,32.725,7.1
369,16.36,23.11,12.3,117,0.797249999999998,30,87,0.256410256410256,0,FALSE,,,,,,,,,,,,,,,,,,,,,,,,,,,,,,,60,65,223,NOT_ELIGIBLE,16.36,23.11,12.3
370,16.97,17.71,12.75,431,0.948165137614678,292,139,0.677494199535963,0,FALSE,,,,,,,,,,,,,,,,,,,,,,,,,,,,,,,90,221,27,NOT_ELIGIBLE,16.97,17.71,12.75
372,17,17.44,12.78,53,0.873888888888887,49,4,0.924528301886792,0,FALSE,,,,,,,,,,,,,,,,,,,,,,,,,,,,,,,221,11,140,NOT_ELIGIBLE,17,17.44,12.78
373,16.47,16.4,12.76,673,0.970985915492959,509,164,0.756315007429421,0,FALSE,,,,,,,,,,,,,,,,,,,,,,,,,,,,,,,15,215,236,NOT_ELIGIBLE,16.47,16.4,12.76
374,16.86,16.31,12.91,55,0.898026315789474,42,13,0.763636363636364,0,FALSE,,,,,,,,,,,,,,,,,,,,,,,,,,,,,,,236,197,36,NOT_ELIGIBLE,16.86,16.31,12.91
375,12.13,11.48,12.42,426,0.967500000000001,198,228,0.464788732394366,0,FALSE,,,,,,,,,,,,,,,,,,,,,,,,,,,,,,,144,30,254,NOT_ELIGIBLE,12.13,11.48,12.42
377,16.68,26.14,12.54,280,1.24490797546012,26,254,0.0928571428571429,0,FALSE,,,,,,,,,,,,,,,,,,,,,,,,,,,,,,,44,248,89,NOT_ELIGIBLE,16.68,26.14,12.54
378,16.52,21.05,12.31,573,0.976538461538464,60,513,0.104712041884817,0,FALSE,,,,,,,,,,,,,,,,,,,,,,,,,,,,,,,237,26,41,NOT_ELIGIBLE,16.52,21.05,12.31
380,16.05,22.33,12.55,276,1.9258,17,259,0.0615942028985507,0,FALSE,,,,,,,,,,,,,,,,,,,,,,,,,,,,,,,67,125,225,NOT_ELIGIBLE,16.05,22.33,12.55
381,17.01,16.55,12.66,73,0.819693251533742,28,45,0.383561643835616,0,FALSE,,,,,,,,,,,,,,,,,,,,,,,,,,,,,,,179,251,40,NOT_ELIGIBLE,17.01,16.55,12.66
383,11.01,20.47,16.38,177,1.00976190476191,53,124,0.299435028248588,0,FALSE,,,,,,,,,,,,,,,,,,,,,,,,,,,,,,,227,42,217,NOT_ELIGIBLE,11.01,20.47,16.38
384,16.78,16.37,12.66,23,0.863043478260872,10,13,0.434782608695652,0,FALSE,,,,,,,,,,,,,,,,,,,,,,,,,,,,,,,55,251,204,NOT_ELIGIBLE,16.78,16.37,12.66
385,13.61,11.95,12.76,91,1.1205,22,69,0.241758241758242,0,FALSE,,,,,,,,,,,,,,,,,,,,,,,,,,,,,,,205,106,19,NOT_ELIGIBLE,13.61,11.95,12.76
389,17.32,18.45,12.31,967,0.953636363636363,107,860,0.110651499482937,0,FALSE,,,,,,,,,,,,,,,,,,,,,,,,,,,,,,,49,12,221,NOT_ELIGIBLE,17.32,18.45,12.31
391,17.69,17.51,12.32,742,1.45666666666667,431,311,0.580862533692722,0,FALSE,,,,,,,,,,,,,,,,,,,,,,,,,,,,,,,51,217,29,NOT_ELIGIBLE,17.69,17.51,12.32
392,32.78,20.27,3.53,3341,14.5561037213932,1223,2118,0.366058066447172,0,FALSE,,,,,,,,,,,,,,,,,,,,,,,,,,,,,,,244,59,134,NOT_ELIGIBLE,32.78,20.27,3.53
393,12.97,11.635,12.03,494,0.997482014388488,142,352,0.287449392712551,0,FALSE,,,,,,,,,,,,,,,,,,,,,,,,,,,,,,,21,159,219,NOT_ELIGIBLE,12.97,11.635,12.03
396,17.97,17.62,12.18,490,1.23166666666667,255,235,0.520408163265306,0,FALSE,,,,,,,,,,,,,,,,,,,,,,,,,,,,,,,215,217,26,NOT_ELIGIBLE,17.97,17.62,12.18
397,13.34,11.93,12.52,203,0.9025,43,160,0.211822660098522,0,FALSE,,,,,,,,,,,,,,,,,,,,,,,,,,,,,,,167,13,228,NOT_ELIGIBLE,13.34,11.93,12.52
398,17.95,17.29,12.41,70,1.10630769230769,49,21,0.7,0,FALSE,,,,,,,,,,,,,,,,,,,,,,,,,,,,,,,49,208,116,NOT_ELIGIBLE,17.95,17.29,12.41
399,13.47,11.62,12.47,213,1.17987951807229,35,178,0.164319248826291,0,FALSE,,,,,,,,,,,,,,,,,,,,,,,,,,,,,,,216,44,17,NOT_ELIGIBLE,13.47,11.62,12.47
400,25.235,27.94,6.46,26,1.6208087380897,2,24,0.0769230769230769,0,FALSE,,,,,,,,,,,,,,,,,,,,,,,,,,,,,,,37,65,210,NOT_ELIGIBLE,25.235,27.94,6.46
401,17.02,20.7,11.67,845,0.91560344827586,8,837,0.00946745562130178,0,FALSE,,,,,,,,,,,,,,,,,,,,,,,,,,,,,,,119,208,47,NOT_ELIGIBLE,17.02,20.7,11.67
402,18.055,18.125,12.12,112,1.14229508196722,7,105,0.0625,0,FALSE,,,,,,,,,,,,,,,,,,,,,,,,,,,,,,,226,46,180,NOT_ELIGIBLE,18.055,18.125,12.12
406,17.39,24.47,11.73,477,1.05781456953643,54,423,0.113207547169811,0,FALSE,,,,,,,,,,,,,,,,,,,,,,,,,,,,,,,28,254,247,NOT_ELIGIBLE,17.39,24.47,11.73
407,17.39,24.97,11.6,535,1.45042553191489,163,372,0.304672897196262,0,FALSE,,,,,,,,,,,,,,,,,,,,,,,,,,,,,,,253,194,70,NOT_ELIGIBLE,17.39,24.97,11.6
408,17.535,21.61,11.17,790,1.2635294117647,234,556,0.29620253164557,0,FALSE,,,,,,,,,,,,,,,,,,,,,,,,,,,,,,,123,48,245,NOT_ELIGIBLE,17.535,21.61,11.17
409,14.61,24.56,13.17,107,1.67877049180328,4,103,0.0373831775700935,0,FALSE,,,,,,,,,,,,,,,,,,,,,,,,,,,,,,,31,232,50,NOT_ELIGIBLE,14.61,24.56,13.17
410,14.51,11.66,11.41,200,1.00614583333333,53,147,0.265,0,FALSE,,,,,,,,,,,,,,,,,,,,,,,,,,,,,,,227,51,87,NOT_ELIGIBLE,14.51,11.66,11.41
411,5.5,7.59,13.59,32,0.905830778663397,29,3,0.90625,0,FALSE,,,,,,,,,,,,,,,,,,,,,,,,,,,,,,,53,133,215,NOT_ELIGIBLE,5.5,7.59,13.59
412,19.44,21.32,11.21,65,1.24070422535211,11,54,0.169230769230769,0,FALSE,,,,,,,,,,,,,,,,,,,,,,,,,,,,,,,183,216,65,NOT_ELIGIBLE,19.44,21.32,11.21
413,19.84,19.16,11.13,643,1.67669064748201,59,584,0.0917573872472784,0,FALSE,,,,,,,,,,,,,,,,,,,,,,,,,,,,,,,221,64,234,NOT_ELIGIBLE,19.84,19.16,11.13
414,20.04,16.82,11.03,209,1.17656716417911,156,53,0.746411483253589,0,FALSE,,,,,,,,,,,,,,,,,,,,,,,,,,,,,,,53,217,157,NOT_ELIGIBLE,20.04,16.82,11.03
415,19.14,23.94,10.86,229,0.956666666666669,50,179,0.218340611353712,0,FALSE,,,,,,,,,,,,,,,,,,,,,,,,,,,,,,,243,126,66,NOT_ELIGIBLE,19.14,23.94,10.86
416,19.57,22.49,10.34,325,1.17563492063492,68,257,0.209230769230769,0,FALSE,,,,,,,,,,,,,,,,,,,,,,,,,,,,,,,40,30,232,NOT_ELIGIBLE,19.57,22.49,10.34
417,19.83,21.475,10.04,622,1.0321875,61,561,0.0980707395498392,0,FALSE,,,,,,,,,,,,,,,,,,,,,,,,,,,,,,,91,209,53,NOT_ELIGIBLE,19.83,21.475,10.04
418,20.13,18.81,10.96,570,1.68546762589928,448,122,0.785964912280702,0,FALSE,,,,,,,,,,,,,,,,,,,,,,,,,,,,,,,212,11,118,NOT_ELIGIBLE,20.13,18.81,10.96
419,20.16,16.92,10.86,417,1.33515625,403,14,0.966426858513189,0,FALSE,,,,,,,,,,,,,,,,,,,,,,,,,,,,,,,13,177,211,NOT_ELIGIBLE,20.16,16.92,10.86
420,19.89,14.91,10.65,442,1.67146341463415,375,67,0.84841628959276,0,FALSE,,,,,,,,,,,,,,,,,,,,,,,,,,,,,,,255,228,32,NOT_ELIGIBLE,19.89,14.91,10.65
422,11.735,23.935,16.09,8,0.989558011049725,7,1,0.875,0,FALSE,,,,,,,,,,,,,,,,,,,,,,,,,,,,,,,131,24,205,NOT_ELIGIBLE,11.735,23.935,16.09
423,13.02,7.82,10.76,191,1.657533632287,96,95,0.50261780104712,0,FALSE,,,,,,,,,,,,,,,,,,,,,,,,,,,,,,,27,235,89,NOT_ELIGIBLE,13.02,7.82,10.76
425,20.38,18.83,10.41,284,1.54146853146853,221,63,0.778169014084507,0,FALSE,,,,,,,,,,,,,,,,,,,,,,,,,,,,,,,209,30,29,NOT_ELIGIBLE,20.38,18.83,10.41
426,20.83,17.17,10.65,178,1.22692660550459,78,100,0.438202247191011,0,FALSE,,,,,,,,,,,,,,,,,,,,,,,,,,,,,,,59,108,230,NOT_ELIGIBLE,20.83,17.17,10.65
427,11.86,6.36,9.65,15,1.00070588235294,1,14,0.0666666666666667,0,FALSE,,,,,,,,,,,,,,,,,,,,,,,,,,,,,,,130,214,15,NOT_ELIGIBLE,11.86,6.36,9.65
429,12.98,7.615,10.23,64,1.43545454545455,6,58,0.09375,0,FALSE,,,,,,,,,,,,,,,,,,,,,,,,,,,,,,,230,37,205,NOT_ELIGIBLE,12.98,7.615,10.23
431,11.68,7.09,10.18,142,1.33898514851485,6,136,0.0422535211267606,0,FALSE,,,,,,,,,,,,,,,,,,,,,,,,,,,,,,,37,224,194,NOT_ELIGIBLE,11.68,7.09,10.18
432,12.4,6.9,10.33,103,1.94212765957447,3,100,0.029126213592233,0,FALSE,,,,,,,,,,,,,,,,,,,,,,,,,,,,,,,234,159,69,NOT_ELIGIBLE,12.4,6.9,10.33
435,20.61,19.7,10.31,57,0.8628,32,25,0.56140350877193,0,FALSE,,,,,,,,,,,,,,,,,,,,,,,,,,,,,,,103,52,251,NOT_ELIGIBLE,20.61,19.7,10.31
437,21.32,23.5,8.81,134,0.696890459363958,14,120,0.104477611940299,0,FALSE,,,,,,,,,,,,,,,,,,,,,,,,,,,,,,,37,234,30,NOT_ELIGIBLE,21.32,23.5,8.81
438,5.5,6.395,12.71,152,2.81268462469734,2,150,0.0131578947368421,0,FALSE,,,,,,,,,,,,,,,,,,,,,,,,,,,,,,,245,48,113,NOT_ELIGIBLE,5.5,6.395,12.71
439,20.44,20.69,9.98,248,1.18797619047619,14,234,0.0564516129032258,0,FALSE,,,,,,,,,,,,,,,,,,,,,,,,,,,,,,,27,161,243,NOT_ELIGIBLE,20.44,20.69,9.98
440,21.26,17.84,10.13,36,0.842196969696969,35,1,0.972222222222222,0,FALSE,,,,,,,,,,,,,,,,,,,,,,,,,,,,,,,216,235,25,NOT_ELIGIBLE,21.26,17.84,10.13
441,11.54,6.495,10.09,22,1.06268656716418,2,20,0.0909090909090909,0,FALSE,,,,,,,,,,,,,,,,,,,,,,,,,,,,,,,192,36,231,NOT_ELIGIBLE,11.54,6.495,10.09
442,20.1,24.3,9.91,250,1.02318181818182,11,239,0.044,0,FALSE,,,,,,,,,,,,,,,,,,,,,,,,,,,,,,,55,219,138,NOT_ELIGIBLE,20.1,24.3,9.91
443,20.84,19.93,10.1,65,0.894615384615387,27,38,0.415384615384615,0,FALSE,,,,,,,,,,,,,,,,,,,,,,,,,,,,,,,210,63,23,NOT_ELIGIBLE,20.84,19.93,10.1
445,12.375,6.07,9.98,126,1.9585401459854,9,117,0.0714285714285714,0,FALSE,,,,,,,,,,,,,,,,,,,,,,,,,,,,,,,63,76,229,NOT_ELIGIBLE,12.375,6.07,9.98
446,21.07,22.5,9.61,678,1.22102040816326,81,597,0.119469026548673,0,FALSE,,,,,,,,,,,,,,,,,,,,,,,,,,,,,,,103,223,32,NOT_ELIGIBLE,21.07,22.5,9.61
447,13.165,6.33,9.65,168,1.92213686249193,17,151,0.101190476190476,0,FALSE,,,,,,,,,,,,,,,,,,,,,,,,,,,,,,,240,47,175,NOT_ELIGIBLE,13.165,6.33,9.65
448,21.26,24.18,9.35,121,1.53787234042553,11,110,0.0909090909090909,0,FALSE,,,,,,,,,,,,,,,,,,,,,,,,,,,,,,,27,242,253,NOT_ELIGIBLE,21.26,24.18,9.35
450,21.24,21.38,9.09,325,0.924545454545454,132,193,0.406153846153846,0,FALSE,,,,,,,,,,,,,,,,,,,,,,,,,,,,,,,220,171,22,NOT_ELIGIBLE,21.24,21.38,9.09
451,21.87,19.11,9.31,316,0.938214285714286,40,276,0.126582278481013,0,FALSE,,,,,,,,,,,,,,,,,,,,,,,,,,,,,,,121,14,246,NOT_ELIGIBLE,21.87,19.11,9.31
452,22.35,18.99,9.32,146,1.23173913043478,75,71,0.513698630136986,0,FALSE,,,,,,,,,,,,,,,,,,,,,,,,,,,,,,,61,248,93,NOT_ELIGIBLE,22.35,18.99,9.32
453,12.91,6.265,9.45,22,1.06213114754098,2,20,0.0909090909090909,0,FALSE,,,,,,,,,,,,,,,,,,,,,,,,,,,,,,,206,17,40,NOT_ELIGIBLE,12.91,6.265,9.45
454,21.1,24.435,9.35,24,0.802207792207794,10,14,0.416666666666667,0,FALSE,,,,,,,,,,,,,,,,,,,,,,,,,,,,,,,49,131,248,NOT_ELIGIBLE,21.1,24.435,9.35
455,21.28,23.66,9.06,688,1.26389937106918,195,493,0.28343023255814,0,FALSE,,,,,,,,,,,,,,,,,,,,,,,,,,,,,,,172,228,39,NOT_ELIGIBLE,21.28,23.66,9.06
456,22.52,18.8,9.49,30,1.0725,25,5,0.833333333333333,0,FALSE,,,,,,,,,,,,,,,,,,,,,,,,,,,,,,,210,22,210,NOT_ELIGIBLE,22.52,18.8,9.49
457,21.265,23.06,9.33,322,1.096,6,316,0.0186335403726708,0,FALSE,,,,,,,,,,,,,,,,,,,,,,,,,,,,,,,63,237,187,NOT_ELIGIBLE,21.265,23.06,9.33
458,21.47,22.53,9.22,222,0.981142857142856,68,154,0.306306306306306,0,FALSE,,,,,,,,,,,,,,,,,,,,,,,,,,,,,,,216,115,42,NOT_ELIGIBLE,21.47,22.53,9.22
459,13.03,6.03,9.17,9,0.84056810845707,3,6,0.333333333333333,0,FALSE,,,,,,,,,,,,,,,,,,,,,,,,,,,,,,,56,31,227,NOT_ELIGIBLE,13.03,6.03,9.17
460,23.2,14.56,8.79,118,1.2030890052356,37,81,0.313559322033898,0,FALSE,,,,,,,,,,,,,,,,,,,,,,,,,,,,,,,56,249,18,NOT_ELIGIBLE,23.2,14.56,8.79
461,23.48,15.11,7.75,738,1.05122222222222,104,634,0.140921409214092,0,FALSE,,,,,,,,,,,,,,,,,,,,,,,,,,,,,,,244,52,140,NOT_ELIGIBLE,23.48,15.11,7.75
462,17.96,8.37,8.54,424,1.06641463414634,65,359,0.153301886792453,0,FALSE,,,,,,,,,,,,,,,,,,,,,,,,,,,,,,,56,168,206,NOT_ELIGIBLE,17.96,8.37,8.54
463,17.81,7.73,8.41,221,1.28862068965517,21,200,0.0950226244343891,0,FALSE,,,,,,,,,,,,,,,,,,,,,,,,,,,,,,,207,200,14,NOT_ELIGIBLE,17.81,7.73,8.41
464,17.82,8.05,8.48,249,1.14818181818182,30,219,0.120481927710843,0,FALSE,,,,,,,,,,,,,,,,,,,,,,,,,,,,,,,179,59,238,NOT_ELIGIBLE,17.82,8.05,8.48
466,19.65,8.86,8.21,703,1.0238691588785,108,595,0.153627311522048,0,FALSE,,,,,,,,,,,,,,,,,,,,,,,,,,,,,,,62,216,120,NOT_ELIGIBLE,19.65,8.86,8.21
467,18.07,8.07,8.43,105,0.97525,5,100,0.0476190476190476,0,FALSE,,,,,,,,,,,,,,,,,,,,,,,,,,,,,,,234,61,45,NOT_ELIGIBLE,18.07,8.07,8.43
468,19.715,23.95,10.11,748,1.05425925925926,88,660,0.117647058823529,0,FALSE,,,,,,,,,,,,,,,,,,,,,,,,,,,,,,,48,83,221,NOT_ELIGIBLE,19.715,23.95,10.11
469,19.11,8.29,8.03,355,0.89482634730539,17,338,0.047887323943662,0,FALSE,,,,,,,,,,,,,,,,,,,,,,,,,,,,,,,157,255,59,NOT_ELIGIBLE,19.11,8.29,8.03
470,12.35,7.115,10.07,18,0.654444444444446,2,16,0.111111111111111,0,FALSE,,,,,,,,,,,,,,,,,,,,,,,,,,,,,,,240,32,196,NOT_ELIGIBLE,12.35,7.115,10.07
471,18.76,7.25,8.05,230,1.30564025535111,48,182,0.208695652173913,0,FALSE,,,,,,,,,,,,,,,,,,,,,,,,,,,,,,,21,204,189,NOT_ELIGIBLE,18.76,7.25,8.05
472,19.09,7.36,8.01,170,1.34772812617349,9,161,0.0529411764705882,0,FALSE,,,,,,,,,,,,,,,,,,,,,,,,,,,,,,,243,170,46,NOT_ELIGIBLE,19.09,7.36,8.01
473,23.4,24.515,7.86,86,1.63838709677419,24,62,0.27906976744186,0,FALSE,,,,,,,,,,,,,,,,,,,,,,,,,,,,,,,81,14,214,NOT_ELIGIBLE,23.4,24.515,7.86
474,21.15,8.61,7.96,105,1.14388489208633,27,78,0.257142857142857,0,FALSE,,,,,,,,,,,,,,,,,,,,,,,,,,,,,,,55,239,63,NOT_ELIGIBLE,21.15,8.61,7.96
475,19.26,7.6,7.79,39,1.00931818181818,6,33,0.153846153846154,0,FALSE,,,,,,,,,,,,,,,,,,,,,,,,,,,,,,,242,33,85,NOT_ELIGIBLE,19.26,7.6,7.79
476,18.96,7.405,7.92,54,1.02299682034976,16,38,0.296296296296296,0,FALSE,,,,,,,,,,,,,,,,,,,,,,,,,,,,,,,44,137,216,NOT_ELIGIBLE,18.96,7.405,7.92
477,20.48,7.37,7.84,1443,4.76803802938634,1008,435,0.698544698544699,1443,TRUE,20.4705263157895,7.61105263157895,8.25315789473684,3.16655284704376,2.347,0.000787523209955483,7.43846281407425,0.00241942605745969,0.002,4.76477603859991,0.00234514417140574,9,2.67368677547433,7.42818860539504e-05,8,2.47577375734116,7.03958732038127e-05,1,0.197913018133171,3.88601285013765e-06,0,0,0,3,96.9297724216485,3.07022757835152,2.9096104419792,0.160617136372327,0,Small tree allometry,213,253,17,OK,20.4705263157895,7.61105263157895,8.25315789473684
478,23.44,25.03,7.75,43,1.10980769230769,4,39,0.0930232558139535,0,FALSE,,,,,,,,,,,,,,,,,,,,,,,,,,,,,,,208,27,234,NOT_ELIGIBLE,23.44,25.03,7.75
479,18.99,6.98,7.78,3,0.782103620474409,1,2,0.333333333333333,0,FALSE,,,,,,,,,,,,,,,,,,,,,,,,,,,,,,,37,245,158,NOT_ELIGIBLE,18.99,6.98,7.78
480,18.65,6.33,7.62,112,2.11204778156997,4,108,0.0357142857142857,0,FALSE,,,,,,,,,,,,,,,,,,,,,,,,,,,,,,,252,91,24,NOT_ELIGIBLE,18.65,6.33,7.62
481,18.39,6.51,7.87,5,0.910487804878048,4,1,0.8,0,FALSE,,,,,,,,,,,,,,,,,,,,,,,,,,,,,,,17,17,208,NOT_ELIGIBLE,18.39,6.51,7.87
482,21.2,8.07,7.56,23,1.23371212121212,1,22,0.0434782608695652,0,FALSE,,,,,,,,,,,,,,,,,,,,,,,,,,,,,,,89,238,27,NOT_ELIGIBLE,21.2,8.07,7.56
483,21.61,8.76,7.2,291,0.94949790794979,13,278,0.0446735395189003,0,FALSE,,,,,,,,,,,,,,,,,,,,,,,,,,,,,,,254,44,167,NOT_ELIGIBLE,21.61,8.76,7.2
484,22.07,8.415,7.36,70,1.35018996590356,12,58,0.171428571428571,0,FALSE,,,,,,,,,,,,,,,,,,,,,,,,,,,,,,,11,191,217,NOT_ELIGIBLE,22.07,8.415,7.36
485,21.4,8.33,7.38,98,0.908421052631579,12,86,0.122448979591837,0,FALSE,,,,,,,,,,,,,,,,,,,,,,,,,,,,,,,206,177,33,NOT_ELIGIBLE,21.4,8.33,7.38
486,21.16,8.13,7.43,22,0.816136363636363,8,14,0.363636363636364,0,FALSE,,,,,,,,,,,,,,,,,,,,,,,,,,,,,,,147,20,254,NOT_ELIGIBLE,21.16,8.13,7.43
487,22.25,8.48,7.3,59,1.13948122529644,5,54,0.0847457627118644,0,FALSE,,,,,,,,,,,,,,,,,,,,,,,,,,,,,,,30,211,75,NOT_ELIGIBLE,22.25,8.48,7.3
488,25.8,33.34,7.29,38,2.72556390977444,4,34,0.105263157894737,0,FALSE,,,,,,,,,,,,,,,,,,,,,,,,,,,,,,,213,31,39,NOT_ELIGIBLE,25.8,33.34,7.29
490,18.66,5.77,7.32,193,3.00958333333333,8,185,0.0414507772020725,193,TRUE,18.1575,5.525,7.48,0.249999994412065,1.83,4.90873830179634e-06,3.12792159051976,0.000461952280688393,0,2.87866018155319,0.000457058044586977,1,0.24926140896657,4.89423610141569e-06,1,0.24926140896657,4.89423610141569e-06,0,0,0,0,0,0,2,98.9405321055841,1.05946789441593,1.05946789441593,0,0,Small tree allometry,67,121,229,OK,18.1575,5.525,7.48
491,25.105,31.635,7.21,24,2.06485018726592,3,21,0.125,0,FALSE,,,,,,,,,,,,,,,,,,,,,,,,,,,,,,,169,236,56,NOT_ELIGIBLE,25.105,31.635,7.21
492,22.04,8.68,7,158,0.880944625407166,14,144,0.0886075949367089,0,FALSE,,,,,,,,,,,,,,,,,,,,,,,,,,,,,,,254,27,236,NOT_ELIGIBLE,22.04,8.68,7
493,22.38,7.605,7.11,96,1.93357664233577,4,92,0.0416666666666667,0,FALSE,,,,,,,,,,,,,,,,,,,,,,,,,,,,,,,11,209,167,NOT_ELIGIBLE,22.38,7.605,7.11
494,24.62,12.075,6.05,110,2.69125603864734,8,102,0.0727272727272727,0,FALSE,,,,,,,,,,,,,,,,,,,,,,,,,,,,,,,239,127,14,NOT_ELIGIBLE,24.62,12.075,6.05
495,22.2,8,6.99,21,1.00468095470044,13,8,0.619047619047619,0,FALSE,,,,,,,,,,,,,,,,,,,,,,,,,,,,,,,60,23,204,NOT_ELIGIBLE,22.2,8,6.99
496,25.54,23.27,6.72,75,1.56944444444444,33,42,0.44,0,FALSE,,,,,,,,,,,,,,,,,,,,,,,,,,,,,,,50,243,32,NOT_ELIGIBLE,25.54,23.27,6.72
498,8.905,4.975,10.62,98,1.83221238938053,6,92,0.0612244897959184,0,FALSE,,,,,,,,,,,,,,,,,,,,,,,,,,,,,,,220,52,116,NOT_ELIGIBLE,8.905,4.975,10.62
499,16.025,3.41,6.92,10,1.38882978723404,2,8,0.2,0,FALSE,,,,,,,,,,,,,,,,,,,,,,,,,,,,,,,38,181,253,NOT_ELIGIBLE,16.025,3.41,6.92
501,15.84,3.37,6.75,4,0.763417085427136,4,0,1,0,FALSE,,,,,,,,,,,,,,,,,,,,,,,,,,,,,,,207,214,33,NOT_ELIGIBLE,15.84,3.37,6.75
502,25.08,25.19,6.39,72,1.12968,7,65,0.0972222222222222,0,FALSE,,,,,,,,,,,,,,,,,,,,,,,,,,,,,,,202,71,247,NOT_ELIGIBLE,25.08,25.19,6.39
503,16.81,26.67,12.4,95,1.13347826086956,21,74,0.221052631578947,0,FALSE,,,,,,,,,,,,,,,,,,,,,,,,,,,,,,,47,229,130,NOT_ELIGIBLE,16.81,26.67,12.4
506,25.41,25.06,6.45,91,1.716,5,86,0.054945054945055,0,FALSE,,,,,,,,,,,,,,,,,,,,,,,,,,,,,,,210,48,16,NOT_ELIGIBLE,25.41,25.06,6.45
507,25.9,34.11,6.43,11,1.13397229001023,1,10,0.0909090909090909,0,FALSE,,,,,,,,,,,,,,,,,,,,,,,,,,,,,,,45,67,222,NOT_ELIGIBLE,25.9,34.11,6.43
508,25.64,25.81,6.17,47,1.65059272894616,4,43,0.0851063829787234,0,FALSE,,,,,,,,,,,,,,,,,,,,,,,,,,,,,,,126,243,41,NOT_ELIGIBLE,25.64,25.81,6.17
509,25.37,7.56,5.58,71,1.85178638059701,66,5,0.929577464788732,0,FALSE,,,,,,,,,,,,,,,,,,,,,,,,,,,,,,,224,57,176,NOT_ELIGIBLE,25.37,7.56,5.58
510,18.22,2.72,5.61,1,0.698312693498452,1,0,1,0,FALSE,,,,,,,,,,,,,,,,,,,,,,,,,,,,,,,57,227,227,NOT_ELIGIBLE,18.22,2.72,5.61
511,24.79,6.08,5.02,71,1.57076744186046,20,51,0.28169014084507,0,FALSE,,,,,,,,,,,,,,,,,,,,,,,,,,,,,,,209,158,34,NOT_ELIGIBLE,24.79,6.08,5.02
512,26.96,25.785,4.19,50,2.62,7,43,0.14,0,FALSE,,,,,,,,,,,,,,,,,,,,,,,,,,,,,,,135,51,253,NOT_ELIGIBLE,26.96,25.785,4.19
513,27.19,10.48,4.28,76,2.45185185185185,13,63,0.171052631578947,0,FALSE,,,,,,,,,,,,,,,,,,,,,,,,,,,,,,,37,254,63,NOT_ELIGIBLE,27.19,10.48,4.28
514,24.91,6.62,5.13,27,0.834090909090909,6,21,0.222222222222222,0,FALSE,,,,,,,,,,,,,,,,,,,,,,,,,,,,,,,225,35,67,NOT_ELIGIBLE,24.91,6.62,5.13
516,27.12,30.87,3.88,119,3.81223790611306,6,113,0.0504201680672269,0,FALSE,,,,,,,,,,,,,,,,,,,,,,,,,,,,,,,66,150,248,NOT_ELIGIBLE,27.12,30.87,3.88
519,20.31,0.87,3.94,21,1.84250403877221,15,6,0.714285714285714,0,FALSE,,,,,,,,,,,,,,,,,,,,,,,,,,,,,,,168,207,47,NOT_ELIGIBLE,20.31,0.87,3.94
522,29.91,21.09,3.68,63,1.40216216216216,6,57,0.0952380952380952,0,FALSE,,,,,,,,,,,,,,,,,,,,,,,,,,,,,,,231,72,239,NOT_ELIGIBLE,29.91,21.09,3.68
523,29.735,22.53,3.65,10,0.990117969243734,7,3,0.7,0,FALSE,,,,,,,,,,,,,,,,,,,,,,,,,,,,,,,15,239,163,NOT_ELIGIBLE,29.735,22.53,3.65
524,29.62,22.965,3.45,18,0.896912191582003,11,7,0.611111111111111,0,FALSE,,,,,,,,,,,,,,,,,,,,,,,,,,,,,,,220,109,44,NOT_ELIGIBLE,29.62,22.965,3.45
525,29.71,20.99,3.26,7,0.78623263888889,1,6,0.142857142857143,0,FALSE,,,,,,,,,,,,,,,,,,,,,,,,,,,,,,,31,13,237,NOT_ELIGIBLE,29.71,20.99,3.26
526,23.055,0.91,3.4,6,1.02787564766839,1,5,0.166666666666667,0,FALSE,,,,,,,,,,,,,,,,,,,,,,,,,,,,,,,82,237,41,NOT_ELIGIBLE,23.055,0.91,3.4
527,30.995,13.48,3.28,18,1.20432213860496,11,7,0.611111111111111,0,FALSE,,,,,,,,,,,,,,,,,,,,,,,,,,,,,,,229,42,136,NOT_ELIGIBLE,30.995,13.48,3.28
528,23.04,0.93,3.28,5,0.824559585492228,1,4,0.2,0,FALSE,,,,,,,,,,,,,,,,,,,,,,,,,,,,,,,29,203,248,NOT_ELIGIBLE,23.04,0.93,3.28
529,31.14,13.765,2.83,30,1.2238475177305,10,20,0.333333333333333,0,FALSE,,,,,,,,,,,,,,,,,,,,,,,,,,,,,,,211,198,56,NOT_ELIGIBLE,31.14,13.765,2.83
530,30.99,13.36,3.21,16,1.09395147703021,1,15,0.0625,0,FALSE,,,,,,,,,,,,,,,,,,,,,,,,,,,,,,,154,38,225,NOT_ELIGIBLE,30.99,13.36,3.21
531,30.7,11.16,3.08,7,0.8592762107504,6,1,0.857142857142857,0,FALSE,,,,,,,,,,,,,,,,,,,,,,,,,,,,,,,34,214,93,NOT_ELIGIBLE,30.7,11.16,3.08
532,23.05,0.52,2.65,15,1.2684832754983,2,13,0.133333333333333,0,FALSE,,,,,,,,,,,,,,,,,,,,,,,,,,,,,,,254,42,34,NOT_ELIGIBLE,23.05,0.52,2.65
534,30.97,13.45,2.95,11,0.752293608895877,2,9,0.181818181818182,0,FALSE,,,,,,,,,,,,,,,,,,,,,,,,,,,,,,,47,94,229,NOT_ELIGIBLE,30.97,13.45,2.95
535,30.9,11.87,2.94,5,0.738654545454547,3,2,0.6,0,FALSE,,,,,,,,,,,,,,,,,,,,,,,,,,,,,,,149,223,59,NOT_ELIGIBLE,30.9,11.87,2.94
536,28.01,4.75,2.82,71,1.46543130990416,6,65,0.0845070422535211,0,FALSE,,,,,,,,,,,,,,,,,,,,,,,,,,,,,,,247,70,219,NOT_ELIGIBLE,28.01,4.75,2.82
537,28.14,4.93,2.65,21,0.676409417920208,4,17,0.19047619047619,0,FALSE,,,,,,,,,,,,,,,,,,,,,,,,,,,,,,,26,239,212,NOT_ELIGIBLE,28.14,4.93,2.65
538,28.52,4.93,2.42,57,1.62238718116416,6,51,0.105263157894737,0,FALSE,,,,,,,,,,,,,,,,,,,,,,,,,,,,,,,222,140,28,NOT_ELIGIBLE,28.52,4.93,2.42
539,28.2,4.69,2.63,19,1.07478417266187,6,13,0.315789473684211,0,FALSE,,,,,,,,,,,,,,,,,,,,,,,,,,,,,,,81,24,223,NOT_ELIGIBLE,28.2,4.69,2.63
540,32.32,19.29,1.29,130,1.37871115173675,24,106,0.184615384615385,0,FALSE,,,,,,,,,,,,,,,,,,,,,,,,,,,,,,,57,214,56,NOT_ELIGIBLE,32.32,19.29,1.29
542,17.24,19.09,12.28,345,0.907622377622376,2,343,0.00579710144927536,0,FALSE,,,,,,,,,,,,,,,,,,,,,,,,,,,,,,,244,37,98,NOT_ELIGIBLE,17.24,19.09,12.28
543,15.05,11.71,11.17,336,0.776753246753247,79,257,0.235119047619048,0,FALSE,,,,,,,,,,,,,,,,,,,,,,,,,,,,,,,22,130,204,NOT_ELIGIBLE,15.05,11.71,11.17
544,23.175,8.905,5.82,64,0.921764705882351,1,63,0.015625,0,FALSE,,,,,,,,,,,,,,,,,,,,,,,,,,,,,,,224,251,18,NOT_ELIGIBLE,23.175,8.905,5.82
545,13.08,15.86,13.54,578,0.499219858156028,0,578,0,0,FALSE,,,,,,,,,,,,,,,,,,,,,,,,,,,,,,,207,53,239,NOT_ELIGIBLE,13.08,15.86,13.54
546,16.53,14.41,11.28,114,0.388055555555555,1,113,0.0087719298245614,0,FALSE,,,,,,,,,,,,,,,,,,,,,,,,,,,,,,,29,217,130,NOT_ELIGIBLE,16.53,14.41,11.28
547,10.15,20.79,16.7,178,0.944787234042554,1,177,0.00561797752808989,0,FALSE,,,,,,,,,,,,,,,,,,,,,,,,,,,,,,,238,97,51,NOT_ELIGIBLE,10.15,20.79,16.7
548,13.92,17.005,13.49,28,0.310666666666666,0,28,0,0,FALSE,,,,,,,,,,,,,,,,,,,,,,,,,,,,,,,34,43,228,NOT_ELIGIBLE,13.92,17.005,13.49
549,14.265,16.57,13.49,196,0.528959537572252,25,171,0.127551020408163,0,FALSE,,,,,,,,,,,,,,,,,,,,,,,,,,,,,,,131,250,70,NOT_ELIGIBLE,14.265,16.57,13.49
550,13.49,15.24,13.22,309,0.687254901960785,5,304,0.0161812297734628,0,FALSE,,,,,,,,,,,,,,,,,,,,,,,,,,,,,,,220,33,151,NOT_ELIGIBLE,13.49,15.24,13.22
551,13.61,13.8,12.79,188,0.612222222222222,77,111,0.409574468085106,0,FALSE,,,,,,,,,,,,,,,,,,,,,,,,,,,,,,,38,235,251,NOT_ELIGIBLE,13.61,13.8,12.79
552,17.3,19.04,12.15,452,0.598461538461539,193,259,0.426991150442478,0,FALSE,,,,,,,,,,,,,,,,,,,,,,,,,,,,,,,217,177,29,NOT_ELIGIBLE,17.3,19.04,12.15
553,8.375,21.005,17.45,68,0.649999999999999,0,68,0,0,FALSE,,,,,,,,,,,,,,,,,,,,,,,,,,,,,,,123,23,227,NOT_ELIGIBLE,8.375,21.005,17.45
554,17.4,18.77,12.13,613,0.836222222222224,112,501,0.182707993474715,0,FALSE,,,,,,,,,,,,,,,,,,,,,,,,,,,,,,,21,240,65,NOT_ELIGIBLE,17.4,18.77,12.13
555,16.68,21.57,11.9,472,1.31397163120567,114,358,0.241525423728814,0,FALSE,,,,,,,,,,,,,,,,,,,,,,,,,,,,,,,250,72,88,NOT_ELIGIBLE,16.68,21.57,11.9
556,17,15.94,11.79,23,0.466173913043479,0,23,0,0,FALSE,,,,,,,,,,,,,,,,,,,,,,,,,,,,,,,30,107,230,NOT_ELIGIBLE,17,15.94,11.79
557,13.36,11.27,11.62,416,0.873786407766989,31,385,0.0745192307692308,0,FALSE,,,,,,,,,,,,,,,,,,,,,,,,,,,,,,,161,230,20,NOT_ELIGIBLE,13.36,11.27,11.62
558,17.11,25.69,11.92,95,0.547346938775508,0,95,0,0,FALSE,,,,,,,,,,,,,,,,,,,,,,,,,,,,,,,207,23,200,NOT_ELIGIBLE,17.11,25.69,11.92
559,17.86,16.7,11.81,185,0.616940298507462,4,181,0.0216216216216216,0,FALSE,,,,,,,,,,,,,,,,,,,,,,,,,,,,,,,20,217,166,NOT_ELIGIBLE,17.86,16.7,11.81
560,17.22,21.52,11.62,561,0.901851851851854,61,500,0.10873440285205,0,FALSE,,,,,,,,,,,,,,,,,,,,,,,,,,,,,,,244,146,65,NOT_ELIGIBLE,17.22,21.52,11.62
561,16.27,14.58,11.6,156,0.495760000000001,0,156,0,0,FALSE,,,,,,,,,,,,,,,,,,,,,,,,,,,,,,,52,22,214,NOT_ELIGIBLE,16.27,14.58,11.6
562,14,11.57,11.66,81,0.627142857142855,0,81,0,0,FALSE,,,,,,,,,,,,,,,,,,,,,,,,,,,,,,,79,249,53,NOT_ELIGIBLE,14,11.57,11.66
563,17.63,25.45,11.45,207,0.762616822429905,14,193,0.0676328502415459,0,FALSE,,,,,,,,,,,,,,,,,,,,,,,,,,,,,,,223,14,103,NOT_ELIGIBLE,17.63,25.45,11.45
564,11.54,20.6,15.74,179,0.618285714285713,0,179,0,0,FALSE,,,,,,,,,,,,,,,,,,,,,,,,,,,,,,,15,160,218,NOT_ELIGIBLE,11.54,20.6,15.74
565,15.88,28.11,12.61,227,0.961315789473685,12,215,0.052863436123348,0,FALSE,,,,,,,,,,,,,,,,,,,,,,,,,,,,,,,234,232,36,NOT_ELIGIBLE,15.88,28.11,12.61
566,14.02,11.24,11.42,334,0.800999999999998,30,304,0.0898203592814371,0,FALSE,,,,,,,,,,,,,,,,,,,,,,,,,,,,,,,166,58,212,NOT_ELIGIBLE,14.02,11.24,11.42
567,7.075,18.045,16.34,40,0.406363636363636,0,40,0,0,FALSE,,,,,,,,,,,,,,,,,,,,,,,,,,,,,,,24,229,107,NOT_ELIGIBLE,7.075,18.045,16.34
568,14.24,11.66,11.57,191,0.699999999999999,103,88,0.539267015706806,0,FALSE,,,,,,,,,,,,,,,,,,,,,,,,,,,,,,,253,63,38,NOT_ELIGIBLE,14.24,11.66,11.57
569,14.71,11.69,11.31,72,0.617999999999999,0,72,0,0,FALSE,,,,,,,,,,,,,,,,,,,,,,,,,,,,,,,65,95,234,NOT_ELIGIBLE,14.71,11.69,11.31
570,17.85,27.59,11,176,0.554999999999998,12,164,0.0681818181818182,0,FALSE,,,,,,,,,,,,,,,,,,,,,,,,,,,,,,,132,244,33,NOT_ELIGIBLE,17.85,27.59,11
571,14.46,11.2,11.23,161,0.688875000000001,16,145,0.0993788819875776,0,FALSE,,,,,,,,,,,,,,,,,,,,,,,,,,,,,,,234,51,190,NOT_ELIGIBLE,14.46,11.2,11.23
572,17.37,26.925,11.31,70,0.530263157894737,0,70,0,0,FALSE,,,,,,,,,,,,,,,,,,,,,,,,,,,,,,,21,232,221,NOT_ELIGIBLE,17.37,26.925,11.31
573,22.36,9.12,7.1,69,0.743827361563518,2,67,0.0289855072463768,0,FALSE,,,,,,,,,,,,,,,,,,,,,,,,,,,,,,,243,179,58,NOT_ELIGIBLE,22.36,9.12,7.1
574,15.71,12.05,11.02,245,1.0075,101,144,0.412244897959184,0,FALSE,,,,,,,,,,,,,,,,,,,,,,,,,,,,,,,105,44,211,NOT_ELIGIBLE,15.71,12.05,11.02
575,18.72,27.34,10.42,60,0.558911917098444,11,49,0.183333333333333,0,FALSE,,,,,,,,,,,,,,,,,,,,,,,,,,,,,,,15,224,31,NOT_ELIGIBLE,18.72,27.34,10.42
576,14.01,17.57,13.89,398,0.658444444444443,382,16,0.959798994974874,0,FALSE,,,,,,,,,,,,,,,,,,,,,,,,,,,,,,,245,39,84,NOT_ELIGIBLE,14.01,17.57,13.89
577,13.84,16.17,12.84,1496,0.51,69,1427,0.0461229946524064,0,FALSE,,,,,,,,,,,,,,,,,,,,,,,,,,,,,,,25,141,252,NOT_ELIGIBLE,13.84,16.17,12.84
578,19.77,11.54,9.46,173,0.455084745762713,0,173,0,0,FALSE,,,,,,,,,,,,,,,,,,,,,,,,,,,,,,,177,206,60,NOT_ELIGIBLE,19.77,11.54,9.46
579,20.28,11.85,9.5,117,0.429665551839465,0,117,0,0,FALSE,,,,,,,,,,,,,,,,,,,,,,,,,,,,,,,222,69,238,NOT_ELIGIBLE,20.28,11.85,9.5
580,17.22,16.45,12.11,175,0.77761904761905,23,152,0.131428571428571,0,FALSE,,,,,,,,,,,,,,,,,,,,,,,,,,,,,,,30,212,142,NOT_ELIGIBLE,17.22,16.45,12.11
581,18.68,10.385,9.1,26,0.563382352941177,0,26,0,0,FALSE,,,,,,,,,,,,,,,,,,,,,,,,,,,,,,,210,102,50,NOT_ELIGIBLE,18.68,10.385,9.1
582,18.33,8.79,8.5,78,0.844776119402985,0,78,0,0,FALSE,,,,,,,,,,,,,,,,,,,,,,,,,,,,,,,55,50,211,NOT_ELIGIBLE,18.33,8.79,8.5
583,22.43,17.2,8.98,125,0.677272727272726,38,87,0.304,0,FALSE,,,,,,,,,,,,,,,,,,,,,,,,,,,,,,,82,224,32,NOT_ELIGIBLE,22.43,17.2,8.98
584,18.01,8.69,8.52,208,0.699565217391307,0,208,0,0,FALSE,,,,,,,,,,,,,,,,,,,,,,,,,,,,,,,215,43,138,NOT_ELIGIBLE,18.01,8.69,8.52
585,8.21,21.45,17.7,79,0.744000000000003,59,20,0.746835443037975,0,FALSE,,,,,,,,,,,,,,,,,,,,,,,,,,,,,,,24,206,240,NOT_ELIGIBLE,8.21,21.45,17.7
586,12.21,13.28,13.18,243,0.607846153846154,20,223,0.0823045267489712,0,FALSE,,,,,,,,,,,,,,,,,,,,,,,,,,,,,,,212,191,57,NOT_ELIGIBLE,12.21,13.28,13.18
587,18.36,8.64,8.26,146,0.987419354838709,5,141,0.0342465753424658,0,FALSE,,,,,,,,,,,,,,,,,,,,,,,,,,,,,,,131,11,221,NOT_ELIGIBLE,18.36,8.64,8.26
588,20.52,9.45,8,45,0.570471512770137,0,45,0,0,FALSE,,,,,,,,,,,,,,,,,,,,,,,,,,,,,,,30,221,84,NOT_ELIGIBLE,20.52,9.45,8
589,19.875,8.9,8.1,126,0.913750625938908,37,89,0.293650793650794,0,FALSE,,,,,,,,,,,,,,,,,,,,,,,,,,,,,,,236,32,35,NOT_ELIGIBLE,19.875,8.9,8.1
590,21.39,9.43,7.46,135,0.670545454545455,11,124,0.0814814814814815,0,FALSE,,,,,,,,,,,,,,,,,,,,,,,,,,,,,,,25,86,225,NOT_ELIGIBLE,21.39,9.43,7.46
591,22.09,9.11,7.2,251,0.879755700325733,16,235,0.0637450199203187,0,FALSE,,,,,,,,,,,,,,,,,,,,,,,,,,,,,,,158,238,41,NOT_ELIGIBLE,22.09,9.11,7.2
592,21.1,9.8,7.83,87,0.415811320754718,0,87,0,0,FALSE,,,,,,,,,,,,,,,,,,,,,,,,,,,,,,,255,52,232,NOT_ELIGIBLE,21.1,9.8,7.83
593,12.05,1.71,6.35,21,1.87092105263158,0,21,0,0,FALSE,,,,,,,,,,,,,,,,,,,,,,,,,,,,,,,37,250,212,NOT_ELIGIBLE,12.05,1.71,6.35
